title,price,sale,volume,savings,link
The Glenlivet 12 Years Old Single Malt Scotch Whisky,$56.95,,750 mL,,http://www.lcbo.com/lcbo/product/the-glenlivet-12-years-old-single-malt-scotch-whisky/21097
Aberlour A'Bunadh Scotch Whisky,$99.95,,750 mL,,http://www.lcbo.com/lcbo/product/aberlour-a-bunadh-scotch-whisky/573352
Auchentoshan 12 Years Old Single Malt Scotch Whisky,$64.95,,750 mL,,http://www.lcbo.com/lcbo/product/auchentoshan-12-years-old-single-malt-scotch-whisky/107359
Glenfiddich Single Malt 12 Years Old Scotch Whisky,$79.95,,1140 mL,,http://www.lcbo.com/lcbo/product/glenfiddich-single-malt-12-years-old-scotch-whisky/605923
Glenfiddich Distillers Edition 15YO,$86.95,,750 mL,,http://www.lcbo.com/lcbo/product/glenfiddich-distillers-edition-15yo/291773
Dun Bheagan Islay Single Malt Scotch Whisky,$52.95,,750 mL,,http://www.lcbo.com/lcbo/product/dun-bheagan-islay-single-malt-scotch-whisky/576397
Dalwhinnie 15 Years Old Scotch Whisky,$94.95,,750 mL,,http://www.lcbo.com/lcbo/product/dalwhinnie-15-years-old-scotch-whisky/238097
The Macallan Sienna,$179.95,,750 mL,,http://www.lcbo.com/lcbo/product/the-macallan-sienna/334086
The Macallan Gold,$74.95,,750 mL,,http://www.lcbo.com/lcbo/product/the-macallan-gold/334060
Tobermory 10 Year Old Scotch Malt,$67.25,,750 mL,,http://www.lcbo.com/lcbo/product/tobermory-10-year-old-scotch-malt/306647
Glen Moray 12 Year Old Single Malt Scotch,$55.95,,750 mL,,http://www.lcbo.com/lcbo/product/glen-moray-12-year-old-single-malt-scotch/453951
The Macphail's Collection Glenrothes Distillery 8-Year-Old Highland Single Malt Scotch Whisky,$87.95,,700 mL,,http://www.lcbo.com/lcbo/product/the-macphail-s-collection-glenrothes-distillery-8-year-old-highland-single-malt-scotch-whisky/452003
Lombard Old Masters Freemason Blended Scotch Whisky,$50.95,,750 mL,,http://www.lcbo.com/lcbo/product/lombard-old-masters-freemason-blended-scotch-whisky/383505
Chivas Regal 18 Years Old Scotch Whisky,$99.95,,750 mL,,http://www.lcbo.com/lcbo/product/chivas-regal-18-years-old-scotch-whisky/582205
Cardhu Single Malt Scotch,$69.95,On sale!,750 mL,$5.00,http://www.lcbo.com/lcbo/product/cardhu-single-malt-scotch/289496
Aberlour 12YO Single Malt Scotch Whisky,$64.95,,750 mL,,http://www.lcbo.com/lcbo/product/aberlour-12yo-single-malt-scotch-whisky/352104
Glenfiddich Malt Master Edition,$105.05,,750 mL,,http://www.lcbo.com/lcbo/product/glenfiddich-malt-master-edition/350892
Aberlour 10YO Single Malt Scotch,$59.95,,750 mL,,http://www.lcbo.com/lcbo/product/aberlour-10yo-single-malt-scotch/348490
Glendronach 21YO Parliament Single Malt Scotch,$221.95,,700 mL,,http://www.lcbo.com/lcbo/product/glendronach-21yo-parliament-single-malt-scotch/435818
The Arran Malt Private Cask Single Malt,$117.95,,700 mL,,http://www.lcbo.com/lcbo/product/the-arran-malt-private-cask-single-malt/687707
The Ileach Peaty Islay Cask Strength Single Malt,$94.95,,700 mL,,http://www.lcbo.com/lcbo/product/the-ileach-peaty-islay-cask-strength-single-malt/451963
Kilchoman Uniquely Islay Single Malt Scotch Whisky 2008,$163.95,,700 mL,,http://www.lcbo.com/lcbo/product/kilchoman-uniquely-islay-single-malt-scotch-whisky-2008/452037
Benriach 25 Year Old Single Malt Scotch,$559.80,,700 mL,,http://www.lcbo.com/lcbo/product/benriach-25-year-old-single-malt-scotch/411728
AnCnoc Flaughter Single Malt Scotch Whisky,$106.95,,700 mL,,http://www.lcbo.com/lcbo/product/ancnoc-flaughter-single-malt-scotch-whisky/445445
Benriach 15YO Tawny Port Finish Single Malt Scotch,$132.95,,700 mL,,http://www.lcbo.com/lcbo/product/benriach-15yo-tawny-port-finish-single-malt-scotch/411736
Benriach 10YO Single Malt Scotch,$67.95,,700 mL,,http://www.lcbo.com/lcbo/product/benriach-10yo-single-malt-scotch/441006
Glencadam Highland Single Malt Scotch Whisky 10YO,$90.95,,700 mL,,http://www.lcbo.com/lcbo/product/glencadam-highland-single-malt-scotch-whisky-10yo/436246
Glengoyne Cask Strength Old Highland Single Malt,$109.15,,700 mL,,http://www.lcbo.com/lcbo/product/glengoyne-cask-strength-old-highland-single-malt/437897
Port Ellen 35-Year-Old Islay Single Malt,"$4,000.00",,750 mL,,http://www.lcbo.com/lcbo/product/port-ellen-35-year-old-islay-single-malt/409599
Glenfiddich 1963 Original Single Malt,$99.95,,750 mL,,http://www.lcbo.com/lcbo/product/glenfiddich-1963-original-single-malt/420570
Brora 35-Year-Old Single Malt,"$2,200.00",,750 mL,,http://www.lcbo.com/lcbo/product/brora-35-year-old-single-malt/409607
Port Charlotte Scottish Barley Heavily Peated Islay Single Malt Scotch Whisky,$109.00,,750 mL,,http://www.lcbo.com/lcbo/product/port-charlotte-scottish-barley-heavily-peated-islay-single-malt-scotch-whisky/368183
Balvenie 12 Year Old Single Barrel,$155.20,,750 mL,,http://www.lcbo.com/lcbo/product/balvenie-12-year-old-single-barrel/361055
Glengoyne 15 Year Old Highland Single Malt,$90.75,,750 mL,,http://www.lcbo.com/lcbo/product/glengoyne-15-year-old-highland-single-malt/367474
The Balvenie DoubleWood 17-Year-Old Single Malt,$200.95,,750 mL,,http://www.lcbo.com/lcbo/product/the-balvenie-doublewood-17-year-old-single-malt/280099
The Balvenie 30 Year Old Speyside Single Malt,"$1,002.00",,700 mL,,http://www.lcbo.com/lcbo/product/the-balvenie-30-year-old-speyside-single-malt/665091
Tullibardine Sovereign Highland Single Malt,$79.95,,750 mL,,http://www.lcbo.com/lcbo/product/tullibardine-sovereign-highland-single-malt/440974
Dun Bheagan Linkwood 1999 13 Years Old Speyside Single Malt,$113.95,,700 mL,,http://www.lcbo.com/lcbo/product/dun-bheagan-linkwood-1999-13-years-old-speyside-single-malt/361360
The Arran Malt Amarone Cask Finish Isle of Arran Single Malt,$92.95,,700 mL,,http://www.lcbo.com/lcbo/product/the-arran-malt-amarone-cask-finish-isle-of-arran-single-malt/50070
Bowmore Tempest VI,$89.95,,700 mL,,http://www.lcbo.com/lcbo/product/bowmore-tempest-vi/433771
Glenfarclas 17-Year-Old Highland Single Malt,$136.95,,700 mL,,http://www.lcbo.com/lcbo/product/glenfarclas-17-year-old-highland-single-malt/721084
Tomintoul 10 Years Old Speyside Glenlivet Single Malt,$75.95,,700 mL,,http://www.lcbo.com/lcbo/product/tomintoul-10-years-old-speyside-glenlivet-single-malt/181974
Benromach 10 Year Old,$59.15,,700 mL,,http://www.lcbo.com/lcbo/product/benromach-10-year-old/346627
Talisker 57 North,$174.95,,700 mL,,http://www.lcbo.com/lcbo/product/talisker-57-north/315739
Glenkinchie 12 Years Old Lowland Single Malt Scotch Whisky,$89.95,,750 mL,,http://www.lcbo.com/lcbo/product/glenkinchie-12-years-old-lowland-single-malt-scotch-whisky/69435
Caol Ila Distillers Edition,$104.95,,750 mL,,http://www.lcbo.com/lcbo/product/caol-ila-distillers-edition/89789
Clynelish 14 Year Old Single Malt Scotch Whisky,$79.55,,750 mL,,http://www.lcbo.com/lcbo/product/clynelish-14-year-old-single-malt-scotch-whisky/250357
Dalmore 1263 King Alexander III,$300.25,,750 mL,,http://www.lcbo.com/lcbo/product/dalmore-1263-king-alexander-iii/346429
Aberlour 18 Year Old Single Malt Scotch Whisky,$148.90,,750 mL,,http://www.lcbo.com/lcbo/product/aberlour-18-year-old-single-malt-scotch-whisky/250365
Tomatin CuBocan Sherry Ltd Highland Single Malt,$96.00,,700 mL,,http://www.lcbo.com/lcbo/product/tomatin-cubocan-sherry-ltd-highland-single-malt/435826
The Glenlivet Xxv 25 Years Old Single Malt Scotch Whisky,$349.95,,750 mL,,http://www.lcbo.com/lcbo/product/the-glenlivet-xxv-25-years-old-single-malt-scotch-whisky/144329
Isle of Arran Machrie Moor Single Malt,$89.95,,700 mL,,http://www.lcbo.com/lcbo/product/isle-of-arran-machrie-moor-single-malt/254920
Bunnahabhain 25-Year-Old Single Malt,$399.95,,700 mL,,http://www.lcbo.com/lcbo/product/bunnahabhain-25-year-old-single-malt/367185
Old Pulteney 40 Years Old Highland Single Malt,"$3,536.00",,700 mL,,http://www.lcbo.com/lcbo/product/old-pulteney-40-years-old-highland-single-malt/333922
The Macallan Fine Oak 21-Year-Old Highland Single Malt,$780.00,,750 mL,,http://www.lcbo.com/lcbo/product/the-macallan-fine-oak-21-year-old-highland-single-malt/620211
Glenmorangie Signet Highland Single Malt,$339.95,,750 mL,,http://www.lcbo.com/lcbo/product/glenmorangie-signet-highland-single-malt/327452
Old Pulteney 12 Years Old Highland Single Malt Scotch,$79.95,,700 mL,,http://www.lcbo.com/lcbo/product/old-pulteney-12-years-old-highland-single-malt-scotch/515346
Bunnahabhain 18-Year-Old Islay Single Malt,$179.95,,700 mL,,http://www.lcbo.com/lcbo/product/bunnahabhain-18-year-old-islay-single-malt/247049
Oban Distillers Edition Scotch Whisky,$140.10,,750 mL,,http://www.lcbo.com/lcbo/product/oban-distillers-edition-scotch-whisky/503094
Lagavulin 12 Year Old Islay Single Malt Scotch Whisky,$139.85,,700 mL,,http://www.lcbo.com/lcbo/product/lagavulin-12-year-old-islay-single-malt-scotch-whisky/602078
Dalwhinnie Distillers Edition,$114.95,,750 mL,,http://www.lcbo.com/lcbo/product/dalwhinnie-distillers-edition/503086
The BenRiach Matured in Sherry Wood 12 Years Old Speyside Single Malt,$93.95,,700 mL,,http://www.lcbo.com/lcbo/product/the-benriach-matured-in-sherry-wood-12-years-old-speyside-single-malt/303123
Lagavulin Distillers Edition,$159.95,,750 mL,,http://www.lcbo.com/lcbo/product/lagavulin-distillers-edition/503060
The Benriach Distillery Curiositas Peated 10 Years Old,$87.95,,700 mL,,http://www.lcbo.com/lcbo/product/the-benriach-distillery-curiositas-peated-10-years-old/93500
Deanston Virgin Oak Highland Single Malt Scotch,$48.60,,700 mL,,http://www.lcbo.com/lcbo/product/deanston-virgin-oak-highland-single-malt-scotch/254235
Cragganmore 12 Years Old Single Malt Scotch Whisky,$66.60,,750 mL,,http://www.lcbo.com/lcbo/product/cragganmore-12-years-old-single-malt-scotch-whisky/192732
The Arran Malt 12-Year-Old Cask Strength Arran Single Malt,$97.95,,700 mL,,http://www.lcbo.com/lcbo/product/the-arran-malt-12-year-old-cask-strength-arran-single-malt/299321
Hazelburn 12 Years Old Campbeltown Single Malt,$157.95,,700 mL,,http://www.lcbo.com/lcbo/product/hazelburn-12-years-old-campbeltown-single-malt/719955
Johnnie Walker Red Label,$119.95,,3000 mL,,http://www.lcbo.com/lcbo/product/johnnie-walker-red-label/444547
Glenfarclas 15-Year-Old Highland Single Malt,$114.95,,700 mL,,http://www.lcbo.com/lcbo/product/glenfarclas-15-year-old-highland-single-malt/345199
Dun Bheagan Macduff Sherry Butt 22 Years Old Speyside Single Malt,$244.95,,700 mL,,http://www.lcbo.com/lcbo/product/dun-bheagan-macduff-sherry-butt-22-years-old-speyside-single-malt/433953
Caol Ila 12 Years Old Islay Single Malt Scotch Whisky,$83.05,,750 mL,,http://www.lcbo.com/lcbo/product/caol-ila-12-years-old-islay-single-malt-scotch-whisky/602029
The Dalmore 12 Years Old Highland Single Malt,$89.85,,750 mL,,http://www.lcbo.com/lcbo/product/the-dalmore-12-years-old-highland-single-malt/38901
Glencadam 21 Years Old Highland Single Malt,$356.95,,700 mL,,http://www.lcbo.com/lcbo/product/glencadam-21-years-old-highland-single-malt/434043
Laphroaig Cairdeas,$100.45,,750 mL,,http://www.lcbo.com/lcbo/product/laphroaig-cairdeas/329045
Kilchoman Loch Gorm Islay Single Malt,$175.95,,700 mL,,http://www.lcbo.com/lcbo/product/kilchoman-loch-gorm-islay-single-malt/391771
Ledaig Scotch Malt 10YO Whisky,$67.60,,750 mL,,http://www.lcbo.com/lcbo/product/ledaig-scotch-malt-10yo-whisky/315721
Ardbeg Uigeadail Islay Single Malt,$175.95,,700 mL,,http://www.lcbo.com/lcbo/product/ardbeg-uigeadail-islay-single-malt/660860
Royal Brackla 16 Year Old,$149.95,,750 mL,,http://www.lcbo.com/lcbo/product/royal-brackla-16-year-old/441311
Aultmore 18 Year Old,$179.95,,750 mL,,http://www.lcbo.com/lcbo/product/aultmore-18-year-old/441295
Royal Brackla 21 Year Old,$349.95,,750 mL,,http://www.lcbo.com/lcbo/product/royal-brackla-21-year-old/441303
Craigellachie 23 Year Old,$454.95,,750 ,,http://www.lcbo.com/lcbo/product/craigellachie-23-year-old/446880
Aberfeldy 16 Year Old,$99.95,,750 mL,,http://www.lcbo.com/lcbo/product/aberfeldy-16-year-old/441048
Royal Brackla 12 Year Old,$99.95,,750 mL,,http://www.lcbo.com/lcbo/product/royal-brackla-12-year-old/441055
Kilchoman Machir Bay Islay Single Malt,$98.35,,700 mL,,http://www.lcbo.com/lcbo/product/kilchoman-machir-bay-islay-single-malt/346338
Old Pulteney 21 Year Old Single Malt Scotch Whisky,$239.95,,700 mL,,http://www.lcbo.com/lcbo/product/old-pulteney-21-year-old-single-malt-scotch-whisky/11270
Arran Port Cask Finish Single Malt,$89.95,,700 mL,,http://www.lcbo.com/lcbo/product/arran-port-cask-finish-single-malt/328815
Benriach Birnie Moss Single Malt Scotch Whisky,$84.95,,700 mL,,http://www.lcbo.com/lcbo/product/benriach-birnie-moss-single-malt-scotch-whisky/364364
Bowmore Port Matured 23 Years Old Islay Single Malt,$699.95,,750 mL,,http://www.lcbo.com/lcbo/product/bowmore-port-matured-23-years-old-islay-single-malt/434704
The Glenrothes Vintage Single Malt 2nd Edition,$256.95,,700 mL,,http://www.lcbo.com/lcbo/product/the-glenrothes-vintage-single-malt-2nd-edition/451971
Chivas Regal 25 Years Old Single Malt Scotch Whisky,$349.75,,750 mL,,http://www.lcbo.com/lcbo/product/chivas-regal-25-years-old-single-malt-scotch-whisky/89730
Chivas Royal Salute With Box,$185.85,,750 mL,,http://www.lcbo.com/lcbo/product/chivas-royal-salute-with-box/56440
Antiquity Blue,$40.95,,750 mL,,http://www.lcbo.com/lcbo/product/antiquity-blue/455287
Ballantine's Blended Scotch Whisky,$14.75,,375 mL,,http://www.lcbo.com/lcbo/product/ballantine-s-blended-scotch-whisky/5041
Johnnie Walker Blue Label,$300.70,,750 mL,,http://www.lcbo.com/lcbo/product/johnnie-walker-blue-label/308155
Double Barrel Talisker & Craigellachie Blended Malt Scotch Whisky,$85.75,,700 mL,,http://www.lcbo.com/lcbo/product/double-barrel-talisker-craigellachie-blended-malt-scotch-whisky/368068
Té Bheag Scotch Whisky,$38.95,,700 mL,,http://www.lcbo.com/lcbo/product/te-bheag-scotch-whisky/949172
Chivas Regal 12 Years Old Scotch Whisky,$26.95,,375 mL,,http://www.lcbo.com/lcbo/product/chivas-regal-12-years-old-scotch-whisky/612549
Cutty Sark Scotch Whisky,$25.75,,750 mL,,http://www.lcbo.com/lcbo/product/cutty-sark-scotch-whisky/254714
Johnnie Walker Platinum,$149.95,,750 mL,,http://www.lcbo.com/lcbo/product/johnnie-walker-platinum/292805
Grant's Family Reserve Scotch Whisky,$8.45,,200 mL,,http://www.lcbo.com/lcbo/product/grant-s-family-reserve-scotch-whisky/476382
Whyte & Mackay Special Reserve Scotch Whisky,$57.15,,1750 mL,,http://www.lcbo.com/lcbo/product/whyte-mackay-special-reserve-scotch-whisky/501544
Islay Mist Scotch 8 Years Old Scotch Whisky,$30.85,,750 mL,,http://www.lcbo.com/lcbo/product/islay-mist-scotch-8-years-old-scotch-whisky/333070
Johnnie Walker Gold Reserve,$84.95,,750 mL,,http://www.lcbo.com/lcbo/product/johnnie-walker-gold-reserve/291278
Dewar's White Label Scotch Whisky,$25.75,,750 mL,,http://www.lcbo.com/lcbo/product/dewar-s-white-label-scotch-whisky/11130
Chivas Regal 12 Years Old Scotch Whisky,$52.95,,750 mL,,http://www.lcbo.com/lcbo/product/chivas-regal-12-years-old-scotch-whisky/7617
The Famous Grouse Scotch Whisky,$29.95,,750 mL,,http://www.lcbo.com/lcbo/product/the-famous-grouse-scotch-whisky/52050
J & B Rare Scotch Whisky,$27.45,,750 mL,,http://www.lcbo.com/lcbo/product/j-b-rare-scotch-whisky/2360
Grant's Sherry Cask Reserve Scotch Whisky,$26.95,On sale!,750 mL,$3.00,http://www.lcbo.com/lcbo/product/grant-s-sherry-cask-reserve-scotch-whisky/15354
Grant's Family Reserve Scotch Whisky,$27.45,,750 mL,,http://www.lcbo.com/lcbo/product/grant-s-family-reserve-scotch-whisky/31112
Teacher's Highland Cream Scotch Whisky,$25.75,,750 mL,,http://www.lcbo.com/lcbo/product/teacher-s-highland-cream-scotch-whisky/4465
Johnnie Walker Red Label Scotch Whisky,$18.45,,375 mL,,http://www.lcbo.com/lcbo/product/johnnie-walker-red-label-scotch-whisky/3467
Bell's Original Scotch Whisky,$25.75,,750 mL,,http://www.lcbo.com/lcbo/product/bell-s-original-scotch-whisky/8599
Johnnie Walker Black Label 12 Years Old Scotch Whisky,$51.95,On sale!,750 mL,$5.00,http://www.lcbo.com/lcbo/product/johnnie-walker-black-label-12-years-old-scotch-whisky/7880
Johnnie Walker Red Label Scotch Whisky,$29.95,,750 mL,,http://www.lcbo.com/lcbo/product/johnnie-walker-red-label-scotch-whisky/1099
Amrut Fusion Single Malt Whisky,$86.20,,700 mL,,http://www.lcbo.com/lcbo/product/amrut-fusion-single-malt-whisky/220756
Highland Park 10 Year Old,$64.95,,750 mL,,http://www.lcbo.com/lcbo/product/highland-park-10-year-old/334029
Bowmore Darkest 15 Years Old Islay Single Malt Scotch Whisky,$93.40,,750 mL,,http://www.lcbo.com/lcbo/product/bowmore-darkest-15-years-old-islay-single-malt-scotch-whisky/503649
Laphroaig Quarter Cask Single Islay Malt Scotch Whisky,$74.95,,750 mL,,http://www.lcbo.com/lcbo/product/laphroaig-quarter-cask-single-islay-malt-scotch-whisky/19158
Auchentoshan Three Wood Lowland Single Malt,$79.95,,750 mL,,http://www.lcbo.com/lcbo/product/auchentoshan-three-wood-lowland-single-malt/720532
Highland Park 12 Years Old Single Malt Scotch Whisky,$79.95,,750 mL,,http://www.lcbo.com/lcbo/product/highland-park-12-years-old-single-malt-scotch-whisky/204560
Glenfiddich 14 Year Old Rich Oak,$65.95,,750 mL,,http://www.lcbo.com/lcbo/product/glenfiddich-14-year-old-rich-oak/315788
The Glenlivet 18 Years Old Single Malt Scotch Whisky,$119.95,,750 mL,,http://www.lcbo.com/lcbo/product/the-glenlivet-18-years-old-single-malt-scotch-whisky/335901
Bowmore 12 Years Old Islay Single Malt,$54.95,On sale!,750 mL,$5.00,http://www.lcbo.com/lcbo/product/bowmore-12-years-old-islay-single-malt/330803
The Balvenie 12 Years Old Doublewood Scotch Whisky,$94.95,,750 mL,,http://www.lcbo.com/lcbo/product/the-balvenie-12-years-old-doublewood-scotch-whisky/387316
Talisker 10 Years Old Single Malt Scotch Whisky,$99.95,,750 mL,,http://www.lcbo.com/lcbo/product/talisker-10-years-old-single-malt-scotch-whisky/249680
Glenmorangie Original Single Malt Scotch Whisky,$69.95,,750 mL,,http://www.lcbo.com/lcbo/product/glenmorangie-original-single-malt-scotch-whisky/298638
Aberfeldy 12 Year Old,$59.95,,750 mL,,http://www.lcbo.com/lcbo/product/aberfeldy-12-year-old/255281
Glendronach 12 Years Old Single Highland Malt Scotch Whisky,$69.95,,750 mL,,http://www.lcbo.com/lcbo/product/glendronach-12-years-old-single-highland-malt-scotch-whisky/601872
Lagavulin 16 Years Old Malt Scotch Whisky,$121.95,,750 mL,,http://www.lcbo.com/lcbo/product/lagavulin-16-years-old-malt-scotch-whisky/207126
The Glenlivet 12 YO Single Malt Scotch Whisky,$15.95,,200 mL,,http://www.lcbo.com/lcbo/product/the-glenlivet-12-yo-single-malt-scotch-whisky/293977
The Macallan Amber,$99.95,,750 mL,,http://www.lcbo.com/lcbo/product/the-macallan-amber/334078
Hepburn's Choice Inchgower 14 Year Old Single Cask,$148.95,,700 mL,,http://www.lcbo.com/lcbo/product/hepburn-s-choice-inchgower-14-year-old-single-cask/447276
Cask Strength Clynelish,$247.95,,700 mL,,http://www.lcbo.com/lcbo/product/cask-strength-clynelish/445528
The Deveron 12 Year Old,$64.95,,750 mL,,http://www.lcbo.com/lcbo/product/the-deveron-12-year-old/435941
Bowmore 50-Year-Old,"$34,995.95",,700 mL,,http://www.lcbo.com/lcbo/product/bowmore-50-year-old/455733
The Deveron 18 Year Old,$139.95,,750 mL,,http://www.lcbo.com/lcbo/product/the-deveron-18-year-old/435974
Prabanna Linne Poit Duhbh 21 Year Old Whiskey,$179.95,,700 mL,,http://www.lcbo.com/lcbo/product/prabanna-linne-poit-duhbh-21-year-old-whiskey/641456
Dewar's 12 Year Old,$46.95,,750 mL,,http://www.lcbo.com/lcbo/product/dewar-s-12-year-old/438598
Jura Brooklyn,$79.95,,750 mL,,http://www.lcbo.com/lcbo/product/jura-brooklyn/417899
Storas Rare Cask Reserve,$189.95,,750 mL,,http://www.lcbo.com/lcbo/product/storas-rare-cask-reserve/428151
Monkey Shoulder Blended Malt Scotch Whisky,$64.95,,750 mL,,http://www.lcbo.com/lcbo/product/monkey-shoulder-blended-malt-scotch-whisky/414334
Compass Box Great King Street Glasgow Blend,$57.45,,750 mL,,http://www.lcbo.com/lcbo/product/compass-box-great-king-street-glasgow-blend/417881
Chivas Regal 12 Years Old Scotch Whisky,$74.95,,1140 mL,,http://www.lcbo.com/lcbo/product/chivas-regal-12-years-old-scotch-whisky/207647
Ballantine's Finest Blended Malt Scotch Whisky,$58.00,,1750 mL,,http://www.lcbo.com/lcbo/product/ballantine-s-finest-blended-malt-scotch-whisky/207670
The Famous Grouse Scotch Whisky,$42.95,,1140 mL,,http://www.lcbo.com/lcbo/product/the-famous-grouse-scotch-whisky/211334
Whyte & Mackay Special Blend Scotch Whisky,$38.75,,1140 mL,,http://www.lcbo.com/lcbo/product/whyte-mackay-special-blend-scotch-whisky/195834
Chivas Regal 12 Years Old Scotch Whisky,$99.95,,1750 mL,,http://www.lcbo.com/lcbo/product/chivas-regal-12-years-old-scotch-whisky/217778
Johnnie Walker Red Label Scotch Whisky,$66.95,,1750 mL,,http://www.lcbo.com/lcbo/product/johnnie-walker-red-label-scotch-whisky/112896
Grant's Family Reserve Scotch Whisky,$39.45,,1140 mL,,http://www.lcbo.com/lcbo/product/grant-s-family-reserve-scotch-whisky/605931
Johnnie Walker Black Label 12 Years Old Scotch Whisky,$29.95,,375 mL,,http://www.lcbo.com/lcbo/product/johnnie-walker-black-label-12-years-old-scotch-whisky/187047
Whyte & Mackay Special Reserve Scotch Whisky,$25.95,,750 mL,,http://www.lcbo.com/lcbo/product/whyte-mackay-special-reserve-scotch-whisky/287482
Grant's Family Reserve Scotch Whisky,$14.95,,375 mL,,http://www.lcbo.com/lcbo/product/grant-s-family-reserve-scotch-whisky/216606
Grant's Family Reserve Scotch Whisky,$58.45,,1750 mL,,http://www.lcbo.com/lcbo/product/grant-s-family-reserve-scotch-whisky/247056
Ardbeg Corryvreckan Islay Single Malt Scotch,$192.95,,750 mL,,http://www.lcbo.com/lcbo/product/ardbeg-corryvreckan-islay-single-malt-scotch/211730
Robert Burns Arran Single Malt,$52.95,,700 mL,,http://www.lcbo.com/lcbo/product/robert-burns-arran-single-malt/981084
Glenfiddich Gran Reserva 21-Year-Old Single Malt,$261.95,,750 mL,,http://www.lcbo.com/lcbo/product/glenfiddich-gran-reserva-21-year-old-single-malt/981381
Highland Park 21-Year-Old Single Malt,$349.95,,700 mL,,http://www.lcbo.com/lcbo/product/highland-park-21-year-old-single-malt/260216
Singleton Of Dufftown 12 Year Old,$59.95,,750 mL,,http://www.lcbo.com/lcbo/product/singleton-of-dufftown-12-year-old/409490
The Glenlivet Archive 21 Years Old Scotch Whisky,$224.95,,750 mL,,http://www.lcbo.com/lcbo/product/the-glenlivet-archive-21-years-old-scotch-whisky/12856
"Auchentoshan American Oak, Lowland",$54.95,On sale!,750 mL,$5.00,http://www.lcbo.com/lcbo/product/auchentoshan-american-oak-lowland/395582
Tomatin 12 Year Old Highland Single Malt,$56.20,,750 mL,,http://www.lcbo.com/lcbo/product/tomatin-12-year-old-highland-single-malt/364349
Highland Park 18 Year Old,$199.95,,750 mL,,http://www.lcbo.com/lcbo/product/highland-park-18-year-old/500231
Mortlach Rare Old Scotch Whisky,$99.95,,750 mL,,http://www.lcbo.com/lcbo/product/mortlach-rare-old-scotch-whisky/398495
Johnnie Walker Red Label,$10.95,,200 mL,,http://www.lcbo.com/lcbo/product/johnnie-walker-red-label/217984
Glenmorangie Nectar D'Or Scotch Whisky,$123.15,,750 mL,,http://www.lcbo.com/lcbo/product/glenmorangie-nectar-d-or-scotch-whisky/241984
Compass Box Great King Street Artist's Blend,$54.85,,750 mL,,http://www.lcbo.com/lcbo/product/compass-box-great-king-street-artist-s-blend/286310
Grand Macnish,$38.75,,1140 mL,,http://www.lcbo.com/lcbo/product/grand-macnish/217190
Johnnie Walker Black Label,$78.95,,1140 mL,,http://www.lcbo.com/lcbo/product/johnnie-walker-black-label/217802
Johnnie Walker Red Label,$42.95,On sale!,1140 mL,$2.00,http://www.lcbo.com/lcbo/product/johnnie-walker-red-label/217794
Johnnie Walker Red Label,$206.95,,4500 mL,,http://www.lcbo.com/lcbo/product/johnnie-walker-red-label/217638
Johnnie Walker Black Label,$17.95,,200 mL,,http://www.lcbo.com/lcbo/product/johnnie-walker-black-label/217836
Catto's Rare Old,$38.75,,1140 mL,,http://www.lcbo.com/lcbo/product/catto-s-rare-old/215558
J & B Rare,$39.75,,1140 mL,,http://www.lcbo.com/lcbo/product/j-b-rare/217646
Bell's Scotch,$38.75,,1140 mL,,http://www.lcbo.com/lcbo/product/bell-s-scotch/217042
Ballantine's Finest Blended Malt Scotch Whisky,$38.95,,1140 mL,,http://www.lcbo.com/lcbo/product/ballantine-s-finest-blended-malt-scotch-whisky/207662
Dewar's White Label,$38.75,,1140 mL,,http://www.lcbo.com/lcbo/product/dewar-s-white-label/217992
Ballantine's Blended Scotch Whisky,$26.95,,750 mL,,http://www.lcbo.com/lcbo/product/ballantine-s-blended-scotch-whisky/1610
Glen Garioch Founder's Reserve,$59.95,,750 mL,,http://www.lcbo.com/lcbo/product/glen-garioch-founder-s-reserve/210252
Ardbeg 10 Years Old Islay Scotch Whisky,$99.95,,750 mL,,http://www.lcbo.com/lcbo/product/ardbeg-10-years-old-islay-scotch-whisky/560474
Jura Superstition Single Malt Scotch Whisky,$65.95,,750 mL,,http://www.lcbo.com/lcbo/product/jura-superstition-single-malt-scotch-whisky/38927
Aberlour 16YO Single Malt Scotch Whisky,$89.95,,750 mL,,http://www.lcbo.com/lcbo/product/aberlour-16yo-single-malt-scotch-whisky/351411
Teacher's Highland Cream Scotch Whisky,$38.75,,1140 mL,,http://www.lcbo.com/lcbo/product/teacher-s-highland-cream-scotch-whisky/205401
The Glenlivet 12 Year Old Single Malt,$30.95,,375 mL,,http://www.lcbo.com/lcbo/product/the-glenlivet-12-year-old-single-malt/266155
McClelland's Single Malt Highland Scotch,$44.95,,750 mL,,http://www.lcbo.com/lcbo/product/mcclelland-s-single-malt-highland-scotch/259333
The Balvenie Caribbean Cask 14YO Scotch Whisky,$139.45,,750 mL,,http://www.lcbo.com/lcbo/product/the-balvenie-caribbean-cask-14yo-scotch-whisky/221200
Glenfiddich Single Malt 15 Years Old Scotch Whisky,$76.95,,750 mL,,http://www.lcbo.com/lcbo/product/glenfiddich-single-malt-15-years-old-scotch-whisky/605972
The Glenlivet 12 Years Old Single Malt Scotch Whisky,$79.95,,1140 mL,,http://www.lcbo.com/lcbo/product/the-glenlivet-12-years-old-single-malt-scotch-whisky/207654
Laphroaig 10 Years Old Islay Single Malt,$85.95,,750 mL,,http://www.lcbo.com/lcbo/product/laphroaig-10-years-old-islay-single-malt/248997
Oban 14 Years Old Single Malt Scotch Whisky,$109.95,,750 mL,,http://www.lcbo.com/lcbo/product/oban-14-years-old-single-malt-scotch-whisky/243824
McClelland Speyside Single Malt Scotch Whisky,$44.95,,750 mL,,http://www.lcbo.com/lcbo/product/mcclelland-speyside-single-malt-scotch-whisky/573337
McClelland Single Malt Islay Scotch,$44.95,,750 mL,,http://www.lcbo.com/lcbo/product/mcclelland-single-malt-islay-scotch/404160
Glenrothes Select Reserve Single Malt Scotch Whisky,$59.95,,750 mL,,http://www.lcbo.com/lcbo/product/glenrothes-select-reserve-single-malt-scotch-whisky/57091
Glenfiddich Single Malt 18 Years Old Scotch Whisky,$156.45,,750 mL,,http://www.lcbo.com/lcbo/product/glenfiddich-single-malt-18-years-old-scotch-whisky/530352
Glenfiddich Single Malt 12 Years Old Scotch Whisky,$29.95,,375 mL,,http://www.lcbo.com/lcbo/product/glenfiddich-single-malt-12-years-old-scotch-whisky/252312
The Glenlivet French Oak Reserve 15 Years Old Scotch Whisky,$76.95,,750 mL,,http://www.lcbo.com/lcbo/product/the-glenlivet-french-oak-reserve-15-years-old-scotch-whisky/603050
Glenfiddich Single Malt 12 Years Old Scotch Whisky,$54.95,,750 mL,,http://www.lcbo.com/lcbo/product/glenfiddich-single-malt-12-years-old-scotch-whisky/12385
Aberfeldy 12,$50.25,,750 ml,,http://www.saq.com/page/en/saqcom/scotch-single-malt/aberfeldy-12/12206461
Highland Park 18 ans Scotch Single Malt,$200.00,,750 ml,,http://www.saq.com/page/en/saqcom/scotch-single-malt/highland-park-18-ans-scotch-single-malt/10224286
Lagavulin Double Vieillissement Scotch Single Malt 1996,$151.50,,750 ml,,http://www.saq.com/page/en/saqcom/scotch-single-malt/lagavulin-double-vieillissement-scotch-single-malt-1996/503060
Highland Park Dark Origin,$100.00,,750 ml,,http://www.saq.com/page/en/saqcom/scotch-single-malt/highland-park-dark-origin/12479320
Jura Origin 10 ans,$25.00,,200 ml,,http://www.saq.com/page/en/saqcom/scotch-single-malt/jura-origin-10-ans/12760568
Kilchoman Vintage Islay Single Malt,$146.25,,700 ml,,http://www.saq.com/page/en/saqcom/scotch-single-malt/kilchoman-vintage-islay-single-malt/12829895
Hazelburn 12 ans Campbeltown Scotch Single Malt,$127.00,,700 ml,,http://www.saq.com/page/en/saqcom/scotch-single-malt/hazelburn-12-ans-campbeltown-scotch-single-malt/11823483
Lagavulin 16 ans Islay Scotch Single Malt,$119.00,,750 ml,,http://www.saq.com/page/en/saqcom/scotch-single-malt/lagavulin-16-ans-islay-scotch-single-malt/207126
Highland Park 10 years old scotch single malt,$69.75,,750 ml,,http://www.saq.com/page/en/saqcom/scotch-single-malt/highland-park-10-years-old-scotch-single-malt/12183019
Highland Park 12 ans Orkney Scotch Single Malt,$80.00,,750 ml,,http://www.saq.com/page/en/saqcom/scotch-single-malt/highland-park-12-ans-orkney-scotch-single-malt/204560
Gordon & MacPhail  Distillery Labels Mortlach 15 Years Old,$125.00,,700 ml,,http://www.saq.com/page/en/saqcom/scotch-single-malt/gordon--macphail--distillery-labels-mortlach-15-years-old/12683671
Linkwood 22 ans Hart Brothers Speyside Scotch Single Malt,$231.00,,700 ml,,http://www.saq.com/page/en/saqcom/scotch-single-malt/linkwood-22-ans-hart-brothers-speyside-scotch-single-malt/12347589
Gordon & Macphail Connoisseurs Choice Mannochmore,$181.00,,700 ml,,http://www.saq.com/page/en/saqcom/scotch-single-malt/gordon--macphail-connoisseurs-choice-mannochmore/12683857
Gordon & Macphail Connoisseurs Choice Allt A Bhainne,$184.00,,700 ml,,http://www.saq.com/page/en/saqcom/scotch-single-malt/gordon--macphail-connoisseurs-choice-allt-a-bhainne/12683881
Hunter Laing 12 ans Hepburn's Choice Braeval Sherry Cask,$92.00,,700 ml,,http://www.saq.com/page/en/saqcom/scotch-single-malt/hunter-laing-12-ans-hepburns-choice-braeval-sherry-cask/12275714
Mortlach 14 ans Hart Brothers Speyside Scotch Single Malt,$123.00,,700 ml,,http://www.saq.com/page/en/saqcom/scotch-single-malt/mortlach-14-ans-hart-brothers-speyside-scotch-single-malt/12347503
Glenmorangie The Quinta Ruban Highland Scotch Single Malt,$88.25,,750 ml,,http://www.saq.com/page/en/saqcom/scotch-single-malt/glenmorangie-the-quinta-ruban-highland-scotch-single-malt/11554244
Gordon & Macphail Connoisseurs Choice Caperdonich,$159.00,,700 ml,,http://www.saq.com/page/en/saqcom/scotch-single-malt/gordon--macphail-connoisseurs-choice-caperdonich/12683865
Aberfeldy 21 ans Highland Single Malt Scotch,$141.00,,750 ml,,http://www.saq.com/page/en/saqcom/scotch-blended/aberfeldy-21-ans-highland-single-malt-scotch/12024325
The John Walker Scotch Blended,"$3,028.25",,750 ml,,http://www.saq.com/page/en/saqcom/scotch-blended/the-john-walker-scotch-blended/11612934
Johnnie Walker Blue Label Anniversary Scotch Blended,"$4,356.50",,700 ml,,http://www.saq.com/page/en/saqcom/scotch-blended/johnnie-walker-blue-label-anniversary-scotch-blended/10868196
Ballantine's Scotch Blended,$36.75,,1.14 L,,http://www.saq.com/page/en/saqcom/scotch-blended/ballantines-scotch-blended/11405661
Wemyss Peat Chimney 8 ans Scotch Blended,$58.50,,700 ml,,http://www.saq.com/page/en/saqcom/scotch-blended/wemyss-peat-chimney-8-ans-scotch-blended/11607844
Label 5 Classic Black Scotch Blended,$24.40,,750 ml,,http://www.saq.com/page/en/saqcom/scotch-blended/label-5-classic-black-scotch-blended/11133394
The Black Grouse Blended Scotch Whisky,$36.00,,750 ml,,http://www.saq.com/page/en/saqcom/scotch-blended/the-black-grouse-blended-scotch-whisky/11607692
Johnnie Walker Blue Label Scotch Blended,$269.75,,750 ml,,http://www.saq.com/page/en/saqcom/scotch-blended/johnnie-walker-blue-label-scotch-blended/308155
"Label 5, 18 ans",$91.00,,700 ml,,http://www.saq.com/page/en/saqcom/scotch-blended/label-5-18-ans/11919645
Johnnie Walker Odyssey Blended Malt Scotch Whisky,"$2,220.00",,750 ml,,http://www.saq.com/page/en/saqcom/scotch-blended/johnnie-walker-odyssey-blended-malt-scotch-whisky/12803231
Johnnie Walker Red Label Scotch Blended,$3.60,,50 ml,,http://www.saq.com/page/en/saqcom/scotch-blended/johnnie-walker-red-label-scotch-blended/51540
Johnnie Walker Red Label Scotch Blended,$18.05,,375 ml,,http://www.saq.com/page/en/saqcom/scotch-blended/johnnie-walker-red-label-scotch-blended/3467
MacDuff Islay Mist Peated Reserve,$43.00,,750 ml,,http://www.saq.com/page/en/saqcom/scotch-blended/macduff-islay-mist-peated-reserve/12727135
Chivas Regal 12 Years Scotch Blended,$100.25,,1.75 L,,http://www.saq.com/page/en/saqcom/scotch-blended/chivas-regal-12-years-scotch-blended/11416378
Johnnie Walker Gold Label Reserve Scotch Blended,$84.75,,750 ml,,http://www.saq.com/page/en/saqcom/scotch-blended/johnnie-walker-gold-label-reserve-scotch-blended/11838765
Johnnie Walker Blue Label King George V Scotch Blended,$703.00,,750 ml,,http://www.saq.com/page/en/saqcom/scotch-blended/johnnie-walker-blue-label-king-george-v-scotch-blended/10919694
Grant's Family Reserve Scotch Blended,$27.00,,750 ml,,http://www.saq.com/page/en/saqcom/scotch-blended/grants-family-reserve-scotch-blended/31112
Dewar's Signature,$225.00,,750 ml,,http://www.saq.com/page/en/saqcom/scotch-blended/dewars-signature/12041782
Cutty Sark Prohibition Edition blended scotch whisky,$35.25,,750 ml,,http://www.saq.com/page/en/saqcom/scotch-blended/cutty-sark-prohibition-edition-blended-scotch-whisky/12276400
Chivas Regal 12 ans Chrsitian Lacroix Scotch Blended,$184.00,,1.5 L,,http://www.saq.com/page/en/saqcom/scotch-blended/chivas-regal-12-ans-chrsitian-lacroix-scotch-blended/11339923
Douglas Laing Syndicate 58/ 6 superior blended scotch whisky,$85.00,,700 ml,,http://www.saq.com/page/en/saqcom/scotch-blended/douglas-laing-syndicate-58-6-superior-blended-scotch-whisky/12470616
Chivas Royal Salute Scotch Blended,$187.00,,750 ml,,http://www.saq.com/page/en/saqcom/scotch-blended/chivas-royal-salute-scotch-blended/56440
Chivas Regal 12 ans Scotch Blended,$277.25,,4.5 L,,http://www.saq.com/page/en/saqcom/scotch-blended/chivas-regal-12-ans-scotch-blended/11068140
Catto's Scotch Blended,$38.00,,1.14 L,,http://www.saq.com/page/en/saqcom/scotch-blended/cattos-scotch-blended/11463781
Ballantine's 30 ans Blended Scotch Whisky,$510.00,,700 ml,,http://www.saq.com/page/en/saqcom/scotch-blended/ballantines-30-ans-blended-scotch-whisky/11919987
Té Bheag un-chilfiltered Gaelic Scotch Blended,$39.75,,700 ml,,http://www.saq.com/page/en/saqcom/scotch-blended/te-bheag-un-chilfiltered-gaelic-scotch-blended/858209
Johnnie Walker Double Black,$75.25,,750 ml,,http://www.saq.com/page/en/saqcom/scotch-blended/johnnie-walker-double-black/12266922
Johnnie Walker Red Label Scotch Blended,$45.00,,1.14 L,,http://www.saq.com/page/en/saqcom/scotch-blended/johnnie-walker-red-label-scotch-blended/11447393
Whyte & Mackay Special Scotch Blended,$35.50,,1.14 L,,http://www.saq.com/page/en/saqcom/scotch-blended/whyte--mackay-special-scotch-blended/11356441
St-Leger Scotch Blended,$39.75,,1.14 L,,http://www.saq.com/page/en/saqcom/scotch-blended/st-leger-scotch-blended/4945
Chivas Regal 12 ans Scotch Blended,$4.25,,50 ml,,http://www.saq.com/page/en/saqcom/scotch-blended/chivas-regal-12-ans-scotch-blended/117747
Johnnie Walker 12 ans Black Label Scotch Blended,$55.00,,750 ml,,http://www.saq.com/page/en/saqcom/scotch-blended/johnnie-walker-12-ans-black-label-scotch-blended/7880
Johnnie Walker Red Label Scotch Blended,$30.25,,750 ml,,http://www.saq.com/page/en/saqcom/scotch-blended/johnnie-walker-red-label-scotch-blended/1099
Johnnie Walker 18 Years Old Platinum Label Scotch Blended,$150.25,,750 ml,,http://www.saq.com/page/en/saqcom/scotch-blended/johnnie-walker-18-years-old-platinum-label-scotch-blended/11838829
Ballantine's 17 Years Scotch Blended,$89.75,,750 ml,,http://www.saq.com/page/en/saqcom/scotch-blended/ballantines-17-years-scotch-blended/10866908
Ballantine's 21 ans Scotch Blended,$163.50,,700 ml,,http://www.saq.com/page/en/saqcom/scotch-blended/ballantines-21-ans-scotch-blended/10866916
J. & B. Rare Scotch Blended,$36.75,,1.14 L,,http://www.saq.com/page/en/saqcom/scotch-blended/j--b-rare-scotch-blended/11459765
Johnnie Walker 12 ans Black Label Scotch Blended,$75.00,,1.14 L,,http://www.saq.com/page/en/saqcom/scotch-blended/johnnie-walker-12-ans-black-label-scotch-blended/11447406
Grant's Family Reserve Scotch Blended,$37.25,,1.14 L,,http://www.saq.com/page/en/saqcom/scotch-blended/grants-family-reserve-scotch-blended/11018679
Islay Mist 12 ans Scotch Blended,$56.00,,750 ml,,http://www.saq.com/page/en/saqcom/scotch-blended/islay-mist-12-ans-scotch-blended/11368812
Grand Macnish Scotch Blended,$35.50,,1.14 L,,http://www.saq.com/page/en/saqcom/scotch-blended/grand-macnish-scotch-blended/11439772
Dewar's 12 ans blended scotch whisky,$45.25,,750 ml,,http://www.saq.com/page/en/saqcom/scotch-blended/dewars-12-ans-blended-scotch-whisky/12359192
Islay Mist 17 ans Scotch Blended,$72.00,,750 ml,,http://www.saq.com/page/en/saqcom/scotch-blended/islay-mist-17-ans-scotch-blended/11100411
Glendullan 13 ans Hart Brothers Speyside Scotch Single Malt,$152.00,,700 ml,,http://www.saq.com/page/en/saqcom/scotch-single-malt/glendullan-13-ans-hart-brothers-speyside-scotch-single-malt/12350366
Glen Spey 20 ans Hart Brothers Speyside Scotch Single Malt,$198.00,,700 ml,,http://www.saq.com/page/en/saqcom/scotch-single-malt/glen-spey-20-ans-hart-brothers-speyside-scotch-single-malt/12347538
Dewar's White Label Scotch Blended,$35.50,,1.14 L,,http://www.saq.com/page/en/saqcom/scotch-blended/dewars-white-label-scotch-blended/11495601
The Macallan Rare Cask Highland Scotch Single Malt,$400.00,,750 ml,,http://www.saq.com/page/en/saqcom/scotch-single-malt/the-macallan-rare-cask-highland-scotch-single-malt/12830044
Chivas Regal 12 ans Scotch Blended,$52.25,,750 ml,,http://www.saq.com/page/en/saqcom/scotch-blended/chivas-regal-12-ans-scotch-blended/7617
Chivas Regal 12 ans Scotch Blended,$72.25,,1.14 L,,http://www.saq.com/page/en/saqcom/scotch-blended/chivas-regal-12-ans-scotch-blended/11405652
The Glenlivet Nàdurra Oloroso Scotch Single Malt,$83.50,,750 ml,,http://www.saq.com/page/en/saqcom/scotch-single-malt/the-glenlivet-nadurra-oloroso-scotch-single-malt/12471310
Chivas Regal 18 ans Scotch Blended,$99.25,,750 ml,,http://www.saq.com/page/en/saqcom/scotch-blended/chivas-regal-18-ans-scotch-blended/582205
The Dalmore Constellation Series 1990 21 years,"$6,485.00",,700 ml,,http://www.saq.com/page/en/saqcom/scotch-single-malt/the-dalmore-constellation-series-1990-21-years/11965297
The Glenlivet 21 ans Archive Scotch Single Malt,$200.25,,750 ml,,http://www.saq.com/page/en/saqcom/scotch-single-malt/the-glenlivet-21-ans-archive-scotch-single-malt/10558411
The Dalmore Constellation 1978 Cask #1,"$12,900.00",,700 ml,,http://www.saq.com/page/en/saqcom/scotch-single-malt/the-dalmore-constellation-1978-cask-1/12806431
The Glenlivet 15 Years Old French Oak Reserve Scotch Single Malt,$75.25,,750 ml,,http://www.saq.com/page/en/saqcom/scotch-single-malt/the-glenlivet-15-years-old-french-oak-reserve-scotch-single-malt/10652539
The Glenlivet 18 ans Highland Scotch Single Malt,$107.00,,750 ml,,http://www.saq.com/page/en/saqcom/scotch-single-malt/the-glenlivet-18-ans-highland-scotch-single-malt/335901
The Dalmore Constellation Series 1980 31 years,"$10,345.25",,700 ml,,http://www.saq.com/page/en/saqcom/scotch-single-malt/the-dalmore-constellation-series-1980-31-years/11965300
The Balvenie 17 Years Old Doublewood,$199.25,,750 ml,,http://www.saq.com/page/en/saqcom/scotch-single-malt/the-balvenie-17-years-old-doublewood/12639901
Black Bull 12 Years Old Blended Scotch,$81.00,,750 ml,,http://www.saq.com/page/en/saqcom/scotch-blended/black-bull-12-years-old-blended-scotch/12395169
Springbank 18 ans Campbeltown Scotch Single Malt,$200.00,,700 ml,,http://www.saq.com/page/en/saqcom/scotch-single-malt/springbank-18-ans-campbeltown-scotch-single-malt/11590309
Springbank 10 ans Campbelltown Scotch Single Malt,$92.75,,750 ml,,http://www.saq.com/page/en/saqcom/scotch-single-malt/springbank-10-ans-campbelltown-scotch-single-malt/11590261
Talisker 10 ans Isle of Skye Scotch Single Malt,$79.00,,750 ml,,http://www.saq.com/page/en/saqcom/scotch-single-malt/talisker-10-ans-isle-of-skye-scotch-single-malt/249680
Tamdhu Speyside Single Malt,$84.00,,750 ml,,http://www.saq.com/page/en/saqcom/scotch-single-malt/tamdhu-speyside-single-malt/12639784
Old Particular Aberlour Speyside Scotch Single Malt 21 Ans,$238.00,,700 ml,,http://www.saq.com/page/en/saqcom/scotch-single-malt/old-particular-aberlour-speyside-scotch-single-malt-21-ans/12542325
Old Pulteney Navigator  Highlands Scotch Single Malt,$83.00,,700 ml,,http://www.saq.com/page/en/saqcom/scotch-single-malt/old-pulteney-navigator--highlands-scotch-single-malt/12413427
Old Pulteney 12 ans Highland Scotch Single Malt,$77.00,,700 ml,,http://www.saq.com/page/en/saqcom/scotch-single-malt/old-pulteney-12-ans-highland-scotch-single-malt/10817495
Old Particular Bunnahabhain Islay Scotch Single Malt 16 Ans,$180.00,,700 ml,,http://www.saq.com/page/en/saqcom/scotch-single-malt/old-particular-bunnahabhain-islay-scotch-single-malt-16-ans/12542085
Old Particular Auchentoshan Lowland Scotch Single Malt 16 Ans,$174.00,,700 ml,,http://www.saq.com/page/en/saqcom/scotch-single-malt/old-particular-auchentoshan-lowland-scotch-single-malt-16-ans/12542069
Royal Lochnagar 12 ans Highland scotch single malt,$129.00,,750 ml,,http://www.saq.com/page/en/saqcom/scotch-single-malt/royal-lochnagar-12-ans-highland-scotch-single-malt/12272249
Old Particular Craigellachie Speyside Scotch Single Malt 18 Ans,$192.00,,700 ml,,http://www.saq.com/page/en/saqcom/scotch-single-malt/old-particular-craigellachie-speyside-scotch-single-malt-18-ans/12542173
Littlemill 16 ans Scotch Single Malt,$233.50,,700 ml,,http://www.saq.com/page/en/saqcom/scotch-single-malt/littlemill-16-ans-scotch-single-malt/11131487
Pittyvaich 20 ans Speyside Scotch Single Malt,$405.75,,700 ml,,http://www.saq.com/page/en/saqcom/scotch-single-malt/pittyvaich-20-ans-speyside-scotch-single-malt/11262858
Oban Distiller's Edition Double Vieillissement Scotch Single Malt 1997,$145.00,,750 ml,,http://www.saq.com/page/en/saqcom/scotch-single-malt/oban-distillers-edition-double-vieillissement-scotch-single-malt-1997/503094
Mannochmore 18 ans Speyside Scotch Single Malt,$405.75,,700 ml,,http://www.saq.com/page/en/saqcom/scotch-single-malt/mannochmore-18-ans-speyside-scotch-single-malt/11262866
Knockdhu AnCnoc 22 ans Highlands Scotch Single Malt,$225.00,,700 ml,,http://www.saq.com/page/en/saqcom/scotch-single-malt/knockdhu-ancnoc-22-ans-highlands-scotch-single-malt/12413515
Isle of Jura Distillery Superstition Scotch Single Malt,$78.00,,750 ml,,http://www.saq.com/page/en/saqcom/scotch-single-malt/isle-of-jura-distillery-superstition-scotch-single-malt/10816927
Oban 14 ans Highland Scotch Single Malt,$110.00,,750 ml,,http://www.saq.com/page/en/saqcom/scotch-single-malt/oban-14-ans-highland-scotch-single-malt/243824
Hunter laing 12 ans Hepburn's Choice Tamdhu,$90.00,,700 ml,,http://www.saq.com/page/en/saqcom/scotch-single-malt/hunter-laing-12-ans-hepburns-choice-tamdhu/12275634
Isle of Jura Distillery 10 Years Old Scotch Single Malt,$57.00,,750 ml,,http://www.saq.com/page/en/saqcom/scotch-single-malt/isle-of-jura-distillery-10-years-old-scotch-single-malt/12295571
Gordon and MacPhail Connoisseurs Choice Clynelish 1994 1994,$123.00,,700 ml,,http://www.saq.com/page/en/saqcom/scotch-single-malt/gordon-and-macphail-connoisseurs-choice-clynelish-1994-1994/11941105
Hunter Laing 10 ans Hepburn's Choice Blair Atholl Sherry Cask,$85.25,,700 ml,,http://www.saq.com/page/en/saqcom/scotch-single-malt/hunter-laing-10-ans-hepburns-choice-blair-atholl-sherry-cask/12275693
Gordon and MacPhail Connoisseurs Choice Glenallachie 1999,$76.00,,700 ml,,http://www.saq.com/page/en/saqcom/scotch-single-malt/gordon-and-macphail-connoisseurs-choice-glenallachie-1999/11941025
Gordon & Macphail Connoisseurs Choice Jura 1997,$107.75,,700 ml,,http://www.saq.com/page/en/saqcom/scotch-single-malt/gordon--macphail-connoisseurs-choice-jura-1997/12336249
Highland Harvest Organic Sauternes Finish Scotch Single Malt,$77.00,,700 ml,,http://www.saq.com/page/en/saqcom/scotch-single-malt/highland-harvest-organic-sauternes-finish-scotch-single-malt/12361508
Gordon & Macphail Connoisseurs Choice Dufftown 2002,$65.00,,700 ml,,http://www.saq.com/page/en/saqcom/scotch-single-malt/gordon--macphail-connoisseurs-choice-dufftown-2002/12337487
Gordon & Macphail Connoisseurs Choice Benriach 1997,$108.00,,700 ml,,http://www.saq.com/page/en/saqcom/scotch-single-malt/gordon--macphail-connoisseurs-choice-benriach-1997/12337401
Gordon & Macphail Connoisseurs Choice Braeval 1995,$122.00,,700 ml,,http://www.saq.com/page/en/saqcom/scotch-single-malt/gordon--macphail-connoisseurs-choice-braeval-1995/12337532
Gordon & Macphail Connoisseurs Choice Caol Ila,$110.00,,700 ml,,http://www.saq.com/page/en/saqcom/scotch-single-malt/gordon--macphail-connoisseurs-choice-caol-ila/12683793
Glenmorangie Pride 1978,"$9,050.00",,1 L,,http://www.saq.com/page/en/saqcom/scotch-single-malt/glenmorangie-pride-1978/12512193
Gordon & MacPhail Connoisseurs Choice Balmenach 2004,$78.00,,700 ml,,http://www.saq.com/page/en/saqcom/scotch-single-malt/gordon--macphail-connoisseurs-choice-balmenach-2004/12339386
Gordon & Macphail Connoisseurs Choice Aberfeldy 1996,$108.00,,700 ml,,http://www.saq.com/page/en/saqcom/scotch-single-malt/gordon--macphail-connoisseurs-choice-aberfeldy-1996/12337356
Gordon & MacPhail Connoisseurs Choice Arran,$90.75,,700 ml,,http://www.saq.com/page/en/saqcom/scotch-single-malt/gordon--macphail-connoisseurs-choice-arran/12335684
Glenrothes Vintage 1988 Speyside Single,$459.00,,700 ml,,http://www.saq.com/page/en/saqcom/scotch-single-malt/glenrothes-vintage-1988-speyside-single/12469560
Gordon & MacPhail Connoisseurs Choice Auchroisk Scotch Single Malt 1996,$99.00,,700 ml,,http://www.saq.com/page/en/saqcom/scotch-single-malt/gordon--macphail-connoisseurs-choice-auchroisk-scotch-single-malt-1996/12339108
Glenmorangie Tusail,$157.00,,750 ml,,http://www.saq.com/page/en/saqcom/scotch-single-malt/glenmorangie-tusail/12668930
Glenmorangie Astar Highland Scotch Single Malt,$128.75,,750 ml,,http://www.saq.com/page/en/saqcom/scotch-single-malt/glenmorangie-astar-highland-scotch-single-malt/11201529
Glenfiddich 12 ans Highland Scotch Single Malt,$80.25,,1.14 L,,http://www.saq.com/page/en/saqcom/scotch-single-malt/glenfiddich-12-ans-highland-scotch-single-malt/10771431
Glenmorangie 18 Years Old Highland Scotch Single Malt,$176.00,,750 ml,,http://www.saq.com/page/en/saqcom/scotch-single-malt/glenmorangie-18-years-old-highland-scotch-single-malt/285734
Glengoyne 18 ans,$200.00,,750 ml,,http://www.saq.com/page/en/saqcom/scotch-single-malt/glengoyne-18-ans/12183158
Glenkinchie Double Vieillissement Scotch Single Malt,$95.25,,750 ml,,http://www.saq.com/page/en/saqcom/scotch-single-malt/glenkinchie-double-vieillissement-scotch-single-malt/503375
Glenfiddich 12 Years Old Highland Scotch Single Malt,$29.95,,375 ml,,http://www.saq.com/page/en/saqcom/scotch-single-malt/glenfiddich-12-years-old-highland-scotch-single-malt/252312
Glenfarclas 25 Years Old Highland Scotch Single Malt,$209.50,,700 ml,,http://www.saq.com/page/en/saqcom/scotch-single-malt/glenfarclas-25-years-old-highland-scotch-single-malt/484261
Glenfiddich 15 ans Solera Highland Scotch Single Malt,$80.25,,750 ml,,http://www.saq.com/page/en/saqcom/scotch-single-malt/glenfiddich-15-ans-solera-highland-scotch-single-malt/11027031
Glenfiddich Malt Master's Edition Scotch Single Malt,$90.50,,750 ml,,http://www.saq.com/page/en/saqcom/scotch-single-malt/glenfiddich-malt-masters-edition-scotch-single-malt/12401485
Glenfarclas Scotch Single Malt 60 Years Old,"$25,275.00",,700 ml,,http://www.saq.com/page/en/saqcom/scotch-single-malt/glenfarclas-scotch-single-malt-60-years-old/12513903
Douglas Laing & Co Single Malt Cask Laphroaig 21 ans scotch,$549.00,,700 ml,,http://www.saq.com/page/en/saqcom/scotch-single-malt/douglas-laing--co-single-malt-cask-laphroaig-21-ans-scotch/12256821
Glenfarclas 10 ans Highland Scotch Single Malt,$64.75,,700 ml,,http://www.saq.com/page/en/saqcom/scotch-single-malt/glenfarclas-10-ans-highland-scotch-single-malt/10652512
GlenDronach Parliament 21 ans Highland Scotch Single Malt,$194.00,,700 ml,,http://www.saq.com/page/en/saqcom/scotch-single-malt/glendronach-parliament-21-ans-highland-scotch-single-malt/11823467
Glenfarclas 12 Years Highland Scotch Single Malt,$68.50,,700 ml,,http://www.saq.com/page/en/saqcom/scotch-single-malt/glenfarclas-12-years-highland-scotch-single-malt/349670
GlenDronach 44 ans Recherche Highlands Scotch Single Malt,"$6,999.00",,700 ml,,http://www.saq.com/page/en/saqcom/scotch-single-malt/glendronach-44-ans-recherche-highlands-scotch-single-malt/12825270
Douglas Laing & Co Single Malt Cask Lochnagar 16 ans scotch,$153.00,,700 ml,,http://www.saq.com/page/en/saqcom/scotch-single-malt/douglas-laing--co-single-malt-cask-lochnagar-16-ans-scotch/12256548
Douglas Laing & Co Single Malt Cask Glenlivet 18 ans scotch,$204.25,,700 ml,,http://www.saq.com/page/en/saqcom/scotch-single-malt/douglas-laing--co-single-malt-cask-glenlivet-18-ans-scotch/12256636
Douglas Laing & Co Single Malt Cask Ben Nevis 17 ans scotch,$178.00,,700 ml,,http://www.saq.com/page/en/saqcom/scotch-single-malt/douglas-laing--co-single-malt-cask-ben-nevis-17-ans-scotch/12256610
Douglas Laing & Co Single Malt Cask Allt-A-Bhainne 21 ans scotch,$214.00,,700 ml,,http://www.saq.com/page/en/saqcom/scotch-single-malt/douglas-laing--co-single-malt-cask-allt-a-bhainne-21-ans-scotch/12256741
Douglas Laing & Co Single Malt Cask Aberlour 25 ans scotch,$525.00,,700 ml,,http://www.saq.com/page/en/saqcom/scotch-single-malt/douglas-laing--co-single-malt-cask-aberlour-25-ans-scotch/12256804
Douglas Laing & Co Single Cask Highland Park 28 ans scotch,$577.00,,700 ml,,http://www.saq.com/page/en/saqcom/scotch-single-malt/douglas-laing--co-single-cask-highland-park-28-ans-scotch/12256847
Caol Ila Distillers Edition Islay Scotch Single Malt,$135.00,,750 ml,,http://www.saq.com/page/en/saqcom/scotch-single-malt/caol-ila-distillers-edition-islay-scotch-single-malt/11012701
Clynelish Coastal Highland Scotch Single Malt,$143.00,,750 ml,,http://www.saq.com/page/en/saqcom/scotch-single-malt/clynelish-coastal-highland-scotch-single-malt/11012672
Bunnahabhain 12 ans Islay Scotch Single Malt,$85.25,,750 ml,,http://www.saq.com/page/en/saqcom/scotch-single-malt/bunnahabhain-12-ans-islay-scotch-single-malt/11092422
Dalwhinnie 15 ans Highland Scotch Single Malt,$93.25,,750 ml,,http://www.saq.com/page/en/saqcom/scotch-single-malt/dalwhinnie-15-ans-highland-scotch-single-malt/238097
Bravel 18 ans Scotch Single Malt,$242.50,,700 ml,,http://www.saq.com/page/en/saqcom/scotch-single-malt/bravel-18-ans-scotch-single-malt/11131452
Bowmore 1989 23 Years Port Matured Islay Scotch Single Malt,$699.00,,750 ml,,http://www.saq.com/page/en/saqcom/scotch-single-malt/bowmore-1989-23-years-port-matured-islay-scotch-single-malt/12250111
Bowmore Small Batch Reserve Islay Scotch Single Malt,$59.75,,750 ml,,http://www.saq.com/page/en/saqcom/scotch-single-malt/bowmore-small-batch-reserve-islay-scotch-single-malt/12401451
Benromach 10 ans The Classic Speyside Scotch Single Malt,$83.00,,700 ml,,http://www.saq.com/page/en/saqcom/scotch-single-malt/benromach-10-ans-the-classic-speyside-scotch-single-malt/12819697
Bowmore 12 Years Islay Scotch Single Malt,$32.75,,350 ml,,http://www.saq.com/page/en/saqcom/scotch-single-malt/bowmore-12-years-islay-scotch-single-malt/514463
Benrinnes 14 ans Hart Brothers Speyside Scotch Single Malt,$123.00,,700 ml,,http://www.saq.com/page/en/saqcom/scotch-single-malt/benrinnes-14-ans-hart-brothers-speyside-scotch-single-malt/12347520
BenRiach Solstice Peated Port Finish 17 Years Old,$170.00,,700 ml,,http://www.saq.com/page/en/saqcom/scotch-single-malt/benriach-solstice-peated-port-finish-17-years-old/12626650
Bowmore 10 ans Tempest VI Islay Scotch Single Malt,$75.25,,700 ml,,http://www.saq.com/page/en/saqcom/scotch-single-malt/bowmore-10-ans-tempest-vi-islay-scotch-single-malt/11961051
BenRiach Authenticus 25 Years Old,$385.25,,700 ml,,http://www.saq.com/page/en/saqcom/scotch-single-malt/benriach-authenticus-25-years-old/12361516
Benriach Albariza 18 ans Peated PX Sherry Finish,$177.25,,700 ml,,http://www.saq.com/page/en/saqcom/scotch-single-malt/benriach-albariza-18-ans-peated-px-sherry-finish/12708760
BenRiach Horizons 12 Years Old Speyside Scotch Single Malt,$117.25,,700 ml,,http://www.saq.com/page/en/saqcom/scotch-single-malt/benriach-horizons-12-years-old-speyside-scotch-single-malt/11607924
BenRiach 15 years Sauternes Finish Spey Valley Single Malt,$115.25,,700 ml,,http://www.saq.com/page/en/saqcom/scotch-single-malt/benriach-15-years-sauternes-finish-spey-valley-single-malt/12818547
Ardbeg Perpetuum,$164.00,,750 ml,,http://www.saq.com/page/en/saqcom/scotch-single-malt/ardbeg-perpetuum/12668964
Balblair 2003,$92.50,,700 ml,,http://www.saq.com/page/en/saqcom/scotch-single-malt/balblair-2003/12771582
Balblair 1969 Highland Scotch Single Malt,"$3,782.25",,700 ml,,http://www.saq.com/page/en/saqcom/scotch-single-malt/balblair-1969-highland-scotch-single-malt/12413814
Auchentoshan Virgin Oak Scotch Single Malt,$127.00,,750 ml,,http://www.saq.com/page/en/saqcom/scotch-single-malt/auchentoshan-virgin-oak-scotch-single-malt/12250082
Balblair 1999,$157.25,,700 ml,,http://www.saq.com/page/en/saqcom/scotch-single-malt/balblair-1999/12668323
Aberlour 16 Years Old Highland Scotch Single Malt,$108.25,,750 ml,,http://www.saq.com/page/en/saqcom/scotch-single-malt/aberlour-16-years-old-highland-scotch-single-malt/10812969
AnCnoc 12 Years Old Highland Scotch Single Malt,$73.25,,700 ml,,http://www.saq.com/page/en/saqcom/scotch-single-malt/ancnoc-12-years-old-highland-scotch-single-malt/368043
An Cnoc 1975,$710.00,,700 ml,,http://www.saq.com/page/en/saqcom/scotch-single-malt/an-cnoc-1975/12668411
Aberlour 18 Years Old Highland Scotch Single Malt,$169.00,,750 ml,,http://www.saq.com/page/en/saqcom/scotch-single-malt/aberlour-18-years-old-highland-scotch-single-malt/11398237
An Cnoc 2000,$115.00,,700 ml,,http://www.saq.com/page/en/saqcom/scotch-single-malt/an-cnoc-2000/12668121
Hart Brothers Glen Rothes 17 Years Old,$272.00,,700 ml,,http://www.saq.com/page/en/saqcom/scotch-single-malt/hart-brothers-glen-rothes-17-years-old/12612303
An Cnoc Cutter,$103.00,,700 ml,,http://www.saq.com/page/en/saqcom/scotch-single-malt/an-cnoc-cutter/12668104
GlenDronach 8 ans The Hielan Scotch Single Malt,$62.00,,700 ml,,http://www.saq.com/page/en/saqcom/scotch-single-malt/glendronach-8-ans-the-hielan-scotch-single-malt/12669246
Tullibardine Sovereign Single Malt Scotch Whisky,$71.25,,750 ml,,http://www.saq.com/page/en/saqcom/scotch-single-malt/tullibardine-sovereign-single-malt-scotch-whisky/12727098
The Glendronach Peated Scotch Single Malt,$90.00,,700 ml,,http://www.saq.com/page/en/saqcom/scotch-single-malt/the-glendronach-peated-scotch-single-malt/12887374
The Dalmore Cigar Malt Highland Scotch Single Malt,$150.00,,750 ml,,http://www.saq.com/page/en/saqcom/scotch-single-malt/the-dalmore-cigar-malt-highland-scotch-single-malt/11618017
Glendronach 18 Years Old Allardice Highland Scotch Single Malt,$162.00,,750 ml,,http://www.saq.com/page/en/saqcom/scotch-single-malt/glendronach-18-years-old-allardice-highland-scotch-single-malt/11484995
BenRiach 17 Years old Septendecim Peated Scotch Single Malt,$125.00,,700 ml,,http://www.saq.com/page/en/saqcom/scotch-single-malt/benriach-17-years-old-septendecim-peated-scotch-single-malt/11866686
BenRiach Birnie Moss Intensely Peated,$78.00,,700 ml,,http://www.saq.com/page/en/saqcom/scotch-single-malt/benriach-birnie-moss-intensely-peated/12575995
The Arran Malt Quarter Cask Batch The Bothy Highlands Single Malt,$94.00,,700 ml,,http://www.saq.com/page/en/saqcom/scotch-single-malt/the-arran-malt-quarter-cask-batch-the-bothy-highlands-single-malt/12835048
Glendronach Sauternes Finish 12 ans Scotch Single Malt,$104.00,,700 ml,,http://www.saq.com/page/en/saqcom/scotch-single-malt/glendronach-sauternes-finish-12-ans-scotch-single-malt/12626609
Balblair 1990 Scotch Single Malt,$195.00,,700 ml,,http://www.saq.com/page/en/saqcom/scotch-single-malt/balblair-1990-scotch-single-malt/12413793
The Glenlivet 12 Years Old Scotch Single Malt,$74.75,,1.14 L,,http://www.saq.com/page/en/saqcom/scotch-single-malt/the-glenlivet-12-years-old-scotch-single-malt/12275280
The Dalmore 18 Years Old Highland Scotch Single Malt,$180.00,,750 ml,,http://www.saq.com/page/en/saqcom/scotch-single-malt/the-dalmore-18-years-old-highland-scotch-single-malt/11618009
Glendronach Cask Strength Batch 5 Scotch Single Malt,$150.00,,700 ml,,http://www.saq.com/page/en/saqcom/scotch-single-malt/glendronach-cask-strength-batch-5-scotch-single-malt/12887438
The Glenrothes Sherry Cask Reserve Speyside Scotch Single Malt,$100.00,,700 ml,,http://www.saq.com/page/en/saqcom/scotch-single-malt/the-glenrothes-sherry-cask-reserve-speyside-scotch-single-malt/12469834
The Glenrothes Scotch Single Malt,$105.25,,750 ml,,http://www.saq.com/page/en/saqcom/scotch-single-malt/the-glenrothes-scotch-single-malt/11531561
The Glenlivet Founder's Single malt Scotch whisky,,,750 ml,,http://www.saq.com/page/en/saqcom/scotch-single-malt/the-glenlivet-founders-single-malt-scotch-whisky/12673675
The Macallan 25 years old Sherry Oak,"$1,560.00",,750 ml,,http://www.saq.com/page/en/saqcom/scotch-single-malt/the-macallan-25-years-old-sherry-oak/12681253
The Glenrothes Vintage 2001 Speyside Scotch Single Malt,$96.00,,750 ml,,http://www.saq.com/page/en/saqcom/scotch-single-malt/the-glenrothes-vintage-2001-speyside-scotch-single-malt/12469826
The Glenlivet Nàdurra First Fill Single,$94.75,,750 ml,,http://www.saq.com/page/en/saqcom/scotch-single-malt/the-glenlivet-nadurra-first-fill-single/12769829
Tobermory 10 Years Old scotch single malt,$65.25,,750 ml,,http://www.saq.com/page/en/saqcom/scotch-single-malt/tobermory-10-years-old-scotch-single-malt/11907329
The Dalmore 15 Years Highland Scotch Single Malt,$120.00,,750 ml,,http://www.saq.com/page/en/saqcom/scotch-single-malt/the-dalmore-15-years-highland-scotch-single-malt/11368011
The Balvenie 14 Years Old Caribbean Cask Scotch Single Malt,$119.25,,750 ml,,http://www.saq.com/page/en/saqcom/scotch-single-malt/the-balvenie-14-years-old-caribbean-cask-scotch-single-malt/11909965
The Glenlivet Delnabo Single Cask Edition Scotch Whisky,$325.25,,750 ml,,http://www.saq.com/page/en/saqcom/scotch-single-malt/the-glenlivet-delnabo-single-cask-edition-scotch-whisky/12636989
The Glenrothes Select Reserve Scotch Single Malt,$68.00,,750 ml,,http://www.saq.com/page/en/saqcom/scotch-single-malt/the-glenrothes-select-reserve-scotch-single-malt/10769201
The Dalmore 12 Years Old Highland Scotch Single Malt,$80.00,,750 ml,,http://www.saq.com/page/en/saqcom/scotch-single-malt/the-dalmore-12-years-old-highland-scotch-single-malt/11247906
The Classic Laddie Scottish Barley,$85.00,,750 ml,,http://www.saq.com/page/en/saqcom/scotch-single-malt/the-classic-laddie-scottish-barley/12471715
The Arran Malt Machrie Moor 6th Edition Highlands Single Malt,$80.00,,700 ml,,http://www.saq.com/page/en/saqcom/scotch-single-malt/the-arran-malt-machrie-moor-6th-edition-highlands-single-malt/12835187
Talisker 57 North,$175.00,,700 ml,,http://www.saq.com/page/en/saqcom/scotch-single-malt/talisker-57-north/12550341
The Balvenie 12 ans DoubleWood Scotch Single Malt,$88.50,,750 ml,,http://www.saq.com/page/en/saqcom/scotch-single-malt/the-balvenie-12-ans-doublewood-scotch-single-malt/387316
The Arran Malt Port Cask Finish Scotch Single Malt,$76.50,,700 ml,,http://www.saq.com/page/en/saqcom/scotch-single-malt/the-arran-malt-port-cask-finish-scotch-single-malt/11910000
The Arran Malt 10 Years Old Scotch Single Malt,$54.75,,700 ml,,http://www.saq.com/page/en/saqcom/scotch-single-malt/the-arran-malt-10-years-old-scotch-single-malt/10784144
Springbank 15 Years Old Campbeltown Scotch Single Malt,$147.00,,750 ml,,http://www.saq.com/page/en/saqcom/scotch-single-malt/springbank-15-years-old-campbeltown-scotch-single-malt/11590296
The Glenlivet 12 ans Highland Scotch Single Malt,$56.75,,750 ml,,http://www.saq.com/page/en/saqcom/scotch-single-malt/the-glenlivet-12-ans-highland-scotch-single-malt/21097
Port Charlotte Scottish Barley Islay Scotch Single Malt,$105.00,,750 ml,,http://www.saq.com/page/en/saqcom/scotch-single-malt/port-charlotte-scottish-barley-islay-scotch-single-malt/12471838
Springbank 12 ans Cask Strengh Campbelton Scotch Single Malt,$116.00,,700 ml,,http://www.saq.com/page/en/saqcom/scotch-single-malt/springbank-12-ans-cask-strengh-campbelton-scotch-single-malt/11590270
Old Pulteney Clipper,$110.00,,700 ml,,http://www.saq.com/page/en/saqcom/scotch-single-malt/old-pulteney-clipper/12668294
Speyburn Single Malt Bradan Orach,$54.25,,700 ml,,http://www.saq.com/page/en/saqcom/scotch-single-malt/speyburn-single-malt-bradan-orach/12117901
Old Particular Glenrothes Speyside Single Malt 16 Years Old,$183.00,,700 ml,,http://www.saq.com/page/en/saqcom/scotch-single-malt/old-particular-glenrothes-speyside-single-malt-16-years-old/12542131
Old Pulteney 1990 Vintage Scotch Single Malt,$326.00,,700 ml,,http://www.saq.com/page/en/saqcom/scotch-single-malt/old-pulteney-1990-vintage-scotch-single-malt/12413603
Talisker Storm,$100.00,,750 ml,,http://www.saq.com/page/en/saqcom/scotch-single-malt/talisker-storm/12361057
Old Particular Linkwood 17 ans Speyside Scotch Single Malt,$173.00,,700 ml,,http://www.saq.com/page/en/saqcom/scotch-single-malt/old-particular-linkwood-17-ans-speyside-scotch-single-malt/12542114
Old Particular Dalmore Highland Single Malt 17 Years Old Cask Strenght,$202.00,,700 ml,,http://www.saq.com/page/en/saqcom/scotch-single-malt/old-particular-dalmore-highland-single-malt-17-years-old-cask-strenght/12542253
Macallan Gold Highland Scotch Single Malt,$75.00,,750 ml,,http://www.saq.com/page/en/saqcom/scotch-single-malt/macallan-gold-highland-scotch-single-malt/12051366
McClelland's Highland,$45.00,,750 ml,,http://www.saq.com/page/en/saqcom/scotch-single-malt/mcclellands-highland/12813720
Speyburn 10 Years Old Highland Scotch Single Malt,$61.50,,700 ml,,http://www.saq.com/page/en/saqcom/scotch-single-malt/speyburn-10-years-old-highland-scotch-single-malt/368050
Macallan Reflexion Highland Single Malt,"$1,500.00",,750 ml,,http://www.saq.com/page/en/saqcom/scotch-single-malt/macallan-reflexion-highland-single-malt/12634001
Laphroaig Old Particular 14 Ans Single Cask Islay Single Malt,$268.00,,700 ml,,http://www.saq.com/page/en/saqcom/scotch-single-malt/laphroaig-old-particular-14-ans-single-cask-islay-single-malt/12825481
McClellands Islay Scotch Single Malt,$45.00,,750 ml,,http://www.saq.com/page/en/saqcom/scotch-single-malt/mcclellands-islay-scotch-single-malt/11374286
Macallan 1824 Amber Scotch Single Malt,$93.75,,750 ml,,http://www.saq.com/page/en/saqcom/scotch-single-malt/macallan-1824-amber-scotch-single-malt/11975401
Glenmorangie Original 10 ans Highland Scotch Single Malt,$66.75,,750 ml,,http://www.saq.com/page/en/saqcom/scotch-single-malt/glenmorangie-original-10-ans-highland-scotch-single-malt/11948868
Macallan Sienna Highland Scotch Single Malt,$200.00,,750 ml,,http://www.saq.com/page/en/saqcom/scotch-single-malt/macallan-sienna-highland-scotch-single-malt/12051420
Laphroaig Quarter Cask Islay Scotch Single Malt,$72.75,,750 ml,,http://www.saq.com/page/en/saqcom/scotch-single-malt/laphroaig-quarter-cask-islay-scotch-single-malt/10999938
Glenmorangie Nectar d'Or Highland Scotch Single Malt,$111.50,,750 ml,,http://www.saq.com/page/en/saqcom/scotch-single-malt/glenmorangie-nectar-dor-highland-scotch-single-malt/11573859
Glenfarclas 21 Years Old Highlands Scotch Single Malt,$145.50,,700 ml,,http://www.saq.com/page/en/saqcom/scotch-single-malt/glenfarclas-21-years-old-highlands-scotch-single-malt/11485074
Glenmorangie The Lasanta Scotch Single Malt,$82.75,,750 ml,,http://www.saq.com/page/en/saqcom/scotch-single-malt/glenmorangie-the-lasanta-scotch-single-malt/11573867
Glenfarclas 17 Years Old Highland Scotch Single Malt,$113.50,,700 ml,,http://www.saq.com/page/en/saqcom/scotch-single-malt/glenfarclas-17-years-old-highland-scotch-single-malt/11092238
Glenkinchie 12 ans Le Malt d'Edimbourg Scotch Single Malt,$80.00,,750 ml,,http://www.saq.com/page/en/saqcom/scotch-single-malt/glenkinchie-12-ans-le-malt-dedimbourg-scotch-single-malt/11098883
Glengoyne 10 ans Highland Scotch Single Malt,$60.00,,750 ml,,http://www.saq.com/page/en/saqcom/scotch-single-malt/glengoyne-10-ans-highland-scotch-single-malt/444190
Glenfiddich 12 ans Highland Scotch Single Malt,$54.25,,750 ml,,http://www.saq.com/page/en/saqcom/scotch-single-malt/glenfiddich-12-ans-highland-scotch-single-malt/12385
Glendronach 18 Years Old Marsala Finish,$185.25,,700 ml,,http://www.saq.com/page/en/saqcom/scotch-single-malt/glendronach-18-years-old-marsala-finish/12626625
GlenDronach Revival 15 Years Highland Scotch Single Malt,$104.25,,750 ml,,http://www.saq.com/page/en/saqcom/scotch-single-malt/glendronach-revival-15-years-highland-scotch-single-malt/11367983
Glenfarclas 15 ans Highland Scotch Single Malt,$95.00,,700 ml,,http://www.saq.com/page/en/saqcom/scotch-single-malt/glenfarclas-15-ans-highland-scotch-single-malt/380717
Glen Garioch 1999 Highlands Scotch Single Malt,$140.00,,750 ml,,http://www.saq.com/page/en/saqcom/scotch-single-malt/glen-garioch-1999-highlands-scotch-single-malt/12825237
Glendronach 12 Years Original Highland Scotch Single Malt,$66.00,,750 ml,,http://www.saq.com/page/en/saqcom/scotch-single-malt/glendronach-12-years-original-highland-scotch-single-malt/10784099
Glen Moray 12 Years Old Scotch Single Malt,$50.00,,750 ml,,http://www.saq.com/page/en/saqcom/scotch-single-malt/glen-moray-12-years-old-scotch-single-malt/11904363
Glen Garioch Founders Reserve Highland Scotch Single Malt,$59.50,,750 ml,,http://www.saq.com/page/en/saqcom/scotch-single-malt/glen-garioch-founders-reserve-highland-scotch-single-malt/12401101
Cragganmore 12 Years Old Highland Scotch Single Malt,$78.00,,750 ml,,http://www.saq.com/page/en/saqcom/scotch-single-malt/cragganmore-12-years-old-highland-scotch-single-malt/192732
Glen Garioch 12 Years Old Highland Scotch Single Malt,$67.75,,750 ml,,http://www.saq.com/page/en/saqcom/scotch-single-malt/glen-garioch-12-years-old-highland-scotch-single-malt/11866571
Douglas Laing Single Old Casks Particular Dailuaine 18 yrs Bourbon Single Cask Speyside Single Malt,$198.00,,700 ml,,http://www.saq.com/page/en/saqcom/scotch-single-malt/douglas-laing-single-old-casks-particular-dailuaine-18-yrs-bourbon-single-cask-speyside-single-malt/12825430
Glenfarclas 105 Cask Strenght Highland Scotch Single Malt,$88.75,,700 ml,,http://www.saq.com/page/en/saqcom/scotch-single-malt/glenfarclas-105-cask-strenght-highland-scotch-single-malt/11532862
Laphroaig 10 Years old Islay Scotch Single Malt,$85.00,,750 ml,,http://www.saq.com/page/en/saqcom/scotch-single-malt/laphroaig-10-years-old-islay-scotch-single-malt/11534876
Dalwhinnie Double Vieillissement Scotch Single Malt,$113.00,,750 ml,,http://www.saq.com/page/en/saqcom/scotch-single-malt/dalwhinnie-double-vieillissement-scotch-single-malt/503086
Cardhu Speyside Single malt Scotch whisky,$75.00,,750 ml,,http://www.saq.com/page/en/saqcom/scotch-single-malt/cardhu-speyside-single-malt-scotch-whisky/12266957
Douglas Laing Single Old Casks Particular Ardmore Highland Single Malt Scotch Whisky 15 Years old,$186.00,,700 ml,,http://www.saq.com/page/en/saqcom/scotch-single-malt/douglas-laing-single-old-casks-particular-ardmore-highland-single-malt-scotch-whisky-15-years-old/12825405
Bunnahabhain 18 Years Old Islay Scotch Single Malt,$160.00,,700 ml,,http://www.saq.com/page/en/saqcom/scotch-single-malt/bunnahabhain-18-years-old-islay-scotch-single-malt/11907281
Brora limited edition 35 old Highlands Scotch Single Malt,"$2,200.00",,750 ml,,http://www.saq.com/page/en/saqcom/scotch-single-malt/brora-limited-edition-35-old-highlands-scotch-single-malt/12550413
Bowmore 15 ans Darkest Islay Scotch Single Malt,$95.75,,750 ml,,http://www.saq.com/page/en/saqcom/scotch-single-malt/bowmore-15-ans-darkest-islay-scotch-single-malt/10870704
Bowmore 18 Years Old Islay Scotch Single Malt,$147.25,,750 ml,,http://www.saq.com/page/en/saqcom/scotch-single-malt/bowmore-18-years-old-islay-scotch-single-malt/10852303
Bowmore 12 ans Islay Scotch Single Malt,$60.00,,750 ml,,http://www.saq.com/page/en/saqcom/scotch-single-malt/bowmore-12-ans-islay-scotch-single-malt/330803
Benromach Hermitage Wood Finish,$103.00,,700 ml,,http://www.saq.com/page/en/saqcom/scotch-single-malt/benromach-hermitage-wood-finish/12683582
Benromach Peat Smoke Speyside Scotch Single Malt,$88.00,,700 ml,,http://www.saq.com/page/en/saqcom/scotch-single-malt/benromach-peat-smoke-speyside-scotch-single-malt/11350006
Benriach Latada 18 years old Peated Madeira Finish Speyside Single Malt,$177.00,,700 ml,,http://www.saq.com/page/en/saqcom/scotch-single-malt/benriach-latada-18-years-old-peated-madeira-finish-speyside-single-malt/12877686
Benriach Dunder 18 ans Peated Rum Finish,$177.25,,700 ml,,http://www.saq.com/page/en/saqcom/scotch-single-malt/benriach-dunder-18-ans-peated-rum-finish/12708778
Benromach Organic,$99.00,,700 ml,,http://www.saq.com/page/en/saqcom/scotch-single-malt/benromach-organic/12683558
Benriach 15 Years Old Dark Rum Finish Speyside Scotch Single Malt,$104.00,,700 ml,,http://www.saq.com/page/en/saqcom/scotch-single-malt/benriach-15-years-old-dark-rum-finish-speyside-scotch-single-malt/11543676
BenRiach Curiositas 10 Years Old Peated Speyside scotch Single Malt,$69.00,,700 ml,,http://www.saq.com/page/en/saqcom/scotch-single-malt/benriach-curiositas-10-years-old-peated-speyside-scotch-single-malt/10652547
BenRiach 15 Years Wood Finish Scotch Single Malt,$104.00,,700 ml,,http://www.saq.com/page/en/saqcom/scotch-single-malt/benriach-15-years-wood-finish-scotch-single-malt/12183115
BenRiach 10 Years Old Speyside Single Malt,$70.00,,700 ml,,http://www.saq.com/page/en/saqcom/scotch-single-malt/benriach-10-years-old-speyside-single-malt/12727215
BenRiach 15 Years Tawny Port Finish Speyside Scotch Single Malt,$104.00,,700 ml,,http://www.saq.com/page/en/saqcom/scotch-single-malt/benriach-15-years-tawny-port-finish-speyside-scotch-single-malt/11092457
Ardbeg Uigeadail Islay Scotch Single Malt,$155.00,,700 ml,,http://www.saq.com/page/en/saqcom/scotch-single-malt/ardbeg-uigeadail-islay-scotch-single-malt/11156318
BenRiach 12 ans Sherry Matured Scotch Single Malt,$76.00,,700 ml,,http://www.saq.com/page/en/saqcom/scotch-single-malt/benriach-12-ans-sherry-matured-scotch-single-malt/11866660
Aberlour 12 Years Highland Scotch Single Malt,$60.25,,750 ml,,http://www.saq.com/page/en/saqcom/scotch-single-malt/aberlour-12-years-highland-scotch-single-malt/10866887
Auchentoshan 21 Years Old Lowland Scotch Single Malt,$199.25,,750 ml,,http://www.saq.com/page/en/saqcom/scotch-single-malt/auchentoshan-21-years-old-lowland-scotch-single-malt/398776
Auchentoshan 12 Years Old Lowland Scotch Single Malt,$60.00,,750 ml,,http://www.saq.com/page/en/saqcom/scotch-single-malt/auchentoshan-12-years-old-lowland-scotch-single-malt/11156174
Aberlour A'bunadh Speyside Scotch Single Malt,$100.00,,750 ml,,http://www.saq.com/page/en/saqcom/scotch-single-malt/aberlour-abunadh-speyside-scotch-single-malt/573352
Auchentoshan American Oak Lowland Scotch Single Malt,$60.00,,750 ml,,http://www.saq.com/page/en/saqcom/scotch-single-malt/auchentoshan-american-oak-lowland-scotch-single-malt/12401477
Aberlour 10 ans Highland Scotch Single Malt,$55.25,,750 ml,,http://www.saq.com/page/en/saqcom/scotch-single-malt/aberlour-10-ans-highland-scotch-single-malt/258582
Ardbeg 10 Years Old Islay Scotch Single Malt,$94.75,,750 ml,,http://www.saq.com/page/en/saqcom/scotch-single-malt/ardbeg-10-years-old-islay-scotch-single-malt/560474
