price,link,title
$56.95,http://www.lcbo.com/lcbo/product/the-glenlivet-12-years-old-single-malt-scotch-whisky/21097,The Glenlivet 12 Years Old Single Malt Scotch Whisky
$54.95,http://www.lcbo.com/lcbo/product/glenfiddich-single-malt-12-years-old-scotch-whisky/12385,Glenfiddich Single Malt 12 Years Old Scotch Whisky
$76.95,http://www.lcbo.com/lcbo/product/the-glenlivet-french-oak-reserve-15-years-old-scotch-whisky/603050,The Glenlivet French Oak Reserve 15 Years Old Scotch Whisky
$29.95,http://www.lcbo.com/lcbo/product/glenfiddich-single-malt-12-years-old-scotch-whisky/252312,Glenfiddich Single Malt 12 Years Old Scotch Whisky
$156.45,http://www.lcbo.com/lcbo/product/glenfiddich-single-malt-18-years-old-scotch-whisky/530352,Glenfiddich Single Malt 18 Years Old Scotch Whisky
$59.95,http://www.lcbo.com/lcbo/product/glenrothes-select-reserve-single-malt-scotch-whisky/57091,Glenrothes Select Reserve Single Malt Scotch Whisky
$44.95,http://www.lcbo.com/lcbo/product/mcclelland-single-malt-islay-scotch/404160,McClelland Single Malt Islay Scotch
$109.95,http://www.lcbo.com/lcbo/product/oban-14-years-old-single-malt-scotch-whisky/243824,Oban 14 Years Old Single Malt Scotch Whisky
$44.95,http://www.lcbo.com/lcbo/product/mcclelland-speyside-single-malt-scotch-whisky/573337,McClelland Speyside Single Malt Scotch Whisky
$52.95,http://www.lcbo.com/lcbo/product/dun-bheagan-islay-single-malt-scotch-whisky/576397,Dun Bheagan Islay Single Malt Scotch Whisky
$79.95,http://www.lcbo.com/lcbo/product/glenfiddich-single-malt-12-years-old-scotch-whisky/605923,Glenfiddich Single Malt 12 Years Old Scotch Whisky
$65.95,http://www.lcbo.com/lcbo/product/jura-superstition-single-malt-scotch-whisky/38927,Jura Superstition Single Malt Scotch Whisky
$99.95,http://www.lcbo.com/lcbo/product/aberlour-a-bunadh-scotch-whisky/573352,Aberlour A'Bunadh Scotch Whisky
$99.95,http://www.lcbo.com/lcbo/product/ardbeg-10-years-old-islay-scotch-whisky/560474,Ardbeg 10 Years Old Islay Scotch Whisky
$59.95,http://www.lcbo.com/lcbo/product/glen-garioch-founder-s-reserve/210252,Glen Garioch Founder's Reserve
$94.95,http://www.lcbo.com/lcbo/product/the-balvenie-12-years-old-doublewood-scotch-whisky/387316,The Balvenie 12 Years Old Doublewood Scotch Whisky
$119.95,http://www.lcbo.com/lcbo/product/the-glenlivet-18-years-old-single-malt-scotch-whisky/335901,The Glenlivet 18 Years Old Single Malt Scotch Whisky
$79.95,http://www.lcbo.com/lcbo/product/highland-park-12-years-old-single-malt-scotch-whisky/204560,Highland Park 12 Years Old Single Malt Scotch Whisky
$65.95,http://www.lcbo.com/lcbo/product/glenfiddich-14-year-old-rich-oak/315788,Glenfiddich 14 Year Old Rich Oak
$79.95,http://www.lcbo.com/lcbo/product/auchentoshan-three-wood-lowland-single-malt/720532,Auchentoshan Three Wood Lowland Single Malt
$74.95,http://www.lcbo.com/lcbo/product/laphroaig-quarter-cask-single-islay-malt-scotch-whisky/19158,Laphroaig Quarter Cask Single Islay Malt Scotch Whisky
$93.40,http://www.lcbo.com/lcbo/product/bowmore-darkest-15-years-old-islay-single-malt-scotch-whisky/503649,Bowmore Darkest 15 Years Old Islay Single Malt Scotch Whisky
$64.95,http://www.lcbo.com/lcbo/product/highland-park-10-year-old/334029,Highland Park 10 Year Old
$69.95,http://www.lcbo.com/lcbo/product/cardhu-single-malt-scotch/289496,Cardhu Single Malt Scotch
$64.95,http://www.lcbo.com/lcbo/product/auchentoshan-12-years-old-single-malt-scotch-whisky/107359,Auchentoshan 12 Years Old Single Malt Scotch Whisky
$84.95,http://www.lcbo.com/lcbo/product/benriach-birnie-moss-single-malt-scotch-whisky/364364,Benriach Birnie Moss Single Malt Scotch Whisky
$699.95,http://www.lcbo.com/lcbo/product/bowmore-port-matured-23-years-old-islay-single-malt/434704,Bowmore Port Matured 23 Years Old Islay Single Malt
$175.95,http://www.lcbo.com/lcbo/product/ardbeg-uigeadail-islay-single-malt/660860,Ardbeg Uigeadail Islay Single Malt
$89.95,http://www.lcbo.com/lcbo/product/aberlour-16yo-single-malt-scotch-whisky/351411,Aberlour 16YO Single Malt Scotch Whisky
$86.20,http://www.lcbo.com/lcbo/product/amrut-fusion-single-malt-whisky/220756,Amrut Fusion Single Malt Whisky
$99.95,http://www.lcbo.com/lcbo/product/the-macallan-amber/334078,The Macallan Amber
$15.95,http://www.lcbo.com/lcbo/product/the-glenlivet-12-yo-single-malt-scotch-whisky/293977,The Glenlivet 12 YO Single Malt Scotch Whisky
$69.95,http://www.lcbo.com/lcbo/product/glendronach-12-years-old-single-highland-malt-scotch-whisky/601872,Glendronach 12 Years Old Single Highland Malt Scotch Whisky
$121.95,http://www.lcbo.com/lcbo/product/lagavulin-16-years-old-malt-scotch-whisky/207126,Lagavulin 16 Years Old Malt Scotch Whisky
$69.95,http://www.lcbo.com/lcbo/product/glenmorangie-original-single-malt-scotch-whisky/298638,Glenmorangie Original Single Malt Scotch Whisky
$59.95,http://www.lcbo.com/lcbo/product/aberfeldy-12-year-old/255281,Aberfeldy 12 Year Old
$96.00,http://www.lcbo.com/lcbo/product/tomatin-cubocan-sherry-ltd-highland-single-malt/435826,Tomatin CuBocan Sherry Ltd Highland Single Malt
$85.95,http://www.lcbo.com/lcbo/product/laphroaig-10-years-old-islay-single-malt/248997,Laphroaig 10 Years Old Islay Single Malt
$79.95,http://www.lcbo.com/lcbo/product/the-glenlivet-12-years-old-single-malt-scotch-whisky/207654,The Glenlivet 12 Years Old Single Malt Scotch Whisky
$139.45,http://www.lcbo.com/lcbo/product/the-balvenie-caribbean-cask-14yo-scotch-whisky/221200,The Balvenie Caribbean Cask 14YO Scotch Whisky
$76.95,http://www.lcbo.com/lcbo/product/glenfiddich-single-malt-15-years-old-scotch-whisky/605972,Glenfiddich Single Malt 15 Years Old Scotch Whisky
$44.95,http://www.lcbo.com/lcbo/product/mcclelland-s-single-malt-highland-scotch/259333,McClelland's Single Malt Highland Scotch
$30.95,http://www.lcbo.com/lcbo/product/the-glenlivet-12-year-old-single-malt/266155,The Glenlivet 12 Year Old Single Malt
$67.25,http://www.lcbo.com/lcbo/product/tobermory-10-year-old-scotch-malt/306647,Tobermory 10 Year Old Scotch Malt
$74.95,http://www.lcbo.com/lcbo/product/the-macallan-gold/334060,The Macallan Gold
$179.95,http://www.lcbo.com/lcbo/product/the-macallan-sienna/334086,The Macallan Sienna
$94.95,http://www.lcbo.com/lcbo/product/dalwhinnie-15-years-old-scotch-whisky/238097,Dalwhinnie 15 Years Old Scotch Whisky
$89.95,http://www.lcbo.com/lcbo/product/arran-port-cask-finish-single-malt/328815,Arran Port Cask Finish Single Malt
$176.95,http://www.lcbo.com/lcbo/product/springbank-15-years-old-single-malt-scotch/627307,Springbank 15 Years Old Single Malt Scotch
$239.95,http://www.lcbo.com/lcbo/product/old-pulteney-21-year-old-single-malt-scotch-whisky/11270,Old Pulteney 21 Year Old Single Malt Scotch Whisky
$79.95,http://www.lcbo.com/lcbo/product/old-pulteney-12-years-old-highland-single-malt-scotch/515346,Old Pulteney 12 Years Old Highland Single Malt Scotch
$339.95,http://www.lcbo.com/lcbo/product/glenmorangie-signet-highland-single-malt/327452,Glenmorangie Signet Highland Single Malt
"$3,536.00",http://www.lcbo.com/lcbo/product/old-pulteney-40-years-old-highland-single-malt/333922,Old Pulteney 40 Years Old Highland Single Malt
$399.95,http://www.lcbo.com/lcbo/product/bunnahabhain-25-year-old-single-malt/367185,Bunnahabhain 25-Year-Old Single Malt
$780.00,http://www.lcbo.com/lcbo/product/the-macallan-fine-oak-21-year-old-highland-single-malt/620211,The Macallan Fine Oak 21-Year-Old Highland Single Malt
$89.95,http://www.lcbo.com/lcbo/product/isle-of-arran-machrie-moor-single-malt/254920,Isle of Arran Machrie Moor Single Malt
$349.95,http://www.lcbo.com/lcbo/product/the-glenlivet-xxv-25-years-old-single-malt-scotch-whisky/144329,The Glenlivet Xxv 25 Years Old Single Malt Scotch Whisky
$157.95,http://www.lcbo.com/lcbo/product/hazelburn-12-years-old-campbeltown-single-malt/719955,Hazelburn 12 Years Old Campbeltown Single Malt
$97.95,http://www.lcbo.com/lcbo/product/the-arran-malt-12-year-old-cask-strength-arran-single-malt/299321,The Arran Malt 12-Year-Old Cask Strength Arran Single Malt
$48.60,http://www.lcbo.com/lcbo/product/deanston-virgin-oak-highland-single-malt-scotch/254235,Deanston Virgin Oak Highland Single Malt Scotch
$66.60,http://www.lcbo.com/lcbo/product/cragganmore-12-years-old-single-malt-scotch-whisky/192732,Cragganmore 12 Years Old Single Malt Scotch Whisky
$87.95,http://www.lcbo.com/lcbo/product/the-benriach-distillery-curiositas-peated-10-years-old/93500,The Benriach Distillery Curiositas Peated 10 Years Old
$175.95,http://www.lcbo.com/lcbo/product/kilchoman-loch-gorm-islay-single-malt/391771,Kilchoman Loch Gorm Islay Single Malt
$67.60,http://www.lcbo.com/lcbo/product/ledaig-scotch-malt-10yo-whisky/315721,Ledaig Scotch Malt 10YO Whisky
$100.45,http://www.lcbo.com/lcbo/product/laphroaig-cairdeas/329045,Laphroaig Cairdeas
$89.85,http://www.lcbo.com/lcbo/product/the-dalmore-12-years-old-highland-single-malt/38901,The Dalmore 12 Years Old Highland Single Malt
$356.95,http://www.lcbo.com/lcbo/product/glencadam-21-years-old-highland-single-malt/434043,Glencadam 21 Years Old Highland Single Malt
$244.95,http://www.lcbo.com/lcbo/product/dun-bheagan-macduff-sherry-butt-22-years-old-speyside-single-malt/433953,Dun Bheagan Macduff Sherry Butt 22 Years Old Speyside Single Malt
$114.95,http://www.lcbo.com/lcbo/product/glenfarclas-15-year-old-highland-single-malt/345199,Glenfarclas 15-Year-Old Highland Single Malt
$59.15,http://www.lcbo.com/lcbo/product/benromach-10-year-old/346627,Benromach 10 Year Old
$75.95,http://www.lcbo.com/lcbo/product/tomintoul-10-years-old-speyside-glenlivet-single-malt/181974,Tomintoul 10 Years Old Speyside Glenlivet Single Malt
$136.95,http://www.lcbo.com/lcbo/product/glenfarclas-17-year-old-highland-single-malt/721084,Glenfarclas 17-Year-Old Highland Single Malt
$123.15,http://www.lcbo.com/lcbo/product/glenmorangie-nectar-d-or-scotch-whisky/241984,Glenmorangie Nectar D'Or Scotch Whisky
$99.95,http://www.lcbo.com/lcbo/product/mortlach-rare-old-scotch-whisky/398495,Mortlach Rare Old Scotch Whisky
$199.95,http://www.lcbo.com/lcbo/product/highland-park-18-year-old/500231,Highland Park 18 Year Old
$56.20,http://www.lcbo.com/lcbo/product/tomatin-12-year-old-highland-single-malt/364349,Tomatin 12 Year Old Highland Single Malt
$54.95,http://www.lcbo.com/lcbo/product/auchentoshan-american-oak-lowland/395582,"Auchentoshan American Oak, Lowland"
$224.95,http://www.lcbo.com/lcbo/product/the-glenlivet-archive-21-years-old-scotch-whisky/12856,The Glenlivet Archive 21 Years Old Scotch Whisky
$59.95,http://www.lcbo.com/lcbo/product/singleton-of-dufftown-12-year-old/409490,Singleton Of Dufftown 12 Year Old
$349.95,http://www.lcbo.com/lcbo/product/highland-park-21-year-old-single-malt/260216,Highland Park 21-Year-Old Single Malt
$261.95,http://www.lcbo.com/lcbo/product/glenfiddich-gran-reserva-21-year-old-single-malt/981381,Glenfiddich Gran Reserva 21-Year-Old Single Malt
$99.95,http://www.lcbo.com/lcbo/product/talisker-10-years-old-single-malt-scotch-whisky/249680,Talisker 10 Years Old Single Malt Scotch Whisky
$54.95,http://www.lcbo.com/lcbo/product/bowmore-12-years-old-islay-single-malt/330803,Bowmore 12 Years Old Islay Single Malt
$59.95,http://www.lcbo.com/lcbo/product/aberlour-10yo-single-malt-scotch/348490,Aberlour 10YO Single Malt Scotch
$64.95,http://www.lcbo.com/lcbo/product/aberlour-12yo-single-malt-scotch-whisky/352104,Aberlour 12YO Single Malt Scotch Whisky
$105.05,http://www.lcbo.com/lcbo/product/glenfiddich-malt-master-edition/350892,Glenfiddich Malt Master Edition
$98.35,http://www.lcbo.com/lcbo/product/kilchoman-machir-bay-islay-single-malt/346338,Kilchoman Machir Bay Islay Single Malt
$99.95,http://www.lcbo.com/lcbo/product/aberfeldy-16-year-old/441048,Aberfeldy 16 Year Old
$99.95,http://www.lcbo.com/lcbo/product/royal-brackla-12-year-old/441055,Royal Brackla 12 Year Old
$179.95,http://www.lcbo.com/lcbo/product/aultmore-18-year-old/441295,Aultmore 18 Year Old
$349.95,http://www.lcbo.com/lcbo/product/royal-brackla-21-year-old/441303,Royal Brackla 21 Year Old
$149.95,http://www.lcbo.com/lcbo/product/royal-brackla-16-year-old/441311,Royal Brackla 16 Year Old
$454.95,http://www.lcbo.com/lcbo/product/craigellachie-23-year-old/446880,Craigellachie 23 Year Old
$300.25,http://www.lcbo.com/lcbo/product/dalmore-1263-king-alexander-iii/346429,Dalmore 1263 King Alexander III
$89.95,http://www.lcbo.com/lcbo/product/glenkinchie-12-years-old-lowland-single-malt-scotch-whisky/69435,Glenkinchie 12 Years Old Lowland Single Malt Scotch Whisky
$104.95,http://www.lcbo.com/lcbo/product/caol-ila-distillers-edition/89789,Caol Ila Distillers Edition
$79.55,http://www.lcbo.com/lcbo/product/clynelish-14-year-old-single-malt-scotch-whisky/250357,Clynelish 14 Year Old Single Malt Scotch Whisky
$86.95,http://www.lcbo.com/lcbo/product/glenfiddich-distillers-edition-15yo/291773,Glenfiddich Distillers Edition 15YO
$89.95,http://www.lcbo.com/lcbo/product/tamdhu-10-year-old-speyside-single-malt-scotch-whisky/417923,Tamdhu 10 Year Old Speyside Single Malt Scotch Whisky
$174.95,http://www.lcbo.com/lcbo/product/talisker-57-north/315739,Talisker 57 North
$148.90,http://www.lcbo.com/lcbo/product/aberlour-18-year-old-single-malt-scotch-whisky/250365,Aberlour 18 Year Old Single Malt Scotch Whisky
$93.95,http://www.lcbo.com/lcbo/product/the-benriach-matured-in-sherry-wood-12-years-old-speyside-single-malt/303123,The BenRiach Matured in Sherry Wood 12 Years Old Speyside Single Malt
$159.95,http://www.lcbo.com/lcbo/product/lagavulin-distillers-edition/503060,Lagavulin Distillers Edition
$114.95,http://www.lcbo.com/lcbo/product/dalwhinnie-distillers-edition/503086,Dalwhinnie Distillers Edition
$140.10,http://www.lcbo.com/lcbo/product/oban-distillers-edition-scotch-whisky/503094,Oban Distillers Edition Scotch Whisky
$139.85,http://www.lcbo.com/lcbo/product/lagavulin-12-year-old-islay-single-malt-scotch-whisky/602078,Lagavulin 12 Year Old Islay Single Malt Scotch Whisky
$179.95,http://www.lcbo.com/lcbo/product/bunnahabhain-18-year-old-islay-single-malt/247049,Bunnahabhain 18-Year-Old Islay Single Malt
$113.95,http://www.lcbo.com/lcbo/product/dun-bheagan-linkwood-1999-13-years-old-speyside-single-malt/361360,Dun Bheagan Linkwood 1999 13 Years Old Speyside Single Malt
$52.95,http://www.lcbo.com/lcbo/product/robert-burns-arran-single-malt/981084,Robert Burns Arran Single Malt
$192.95,http://www.lcbo.com/lcbo/product/ardbeg-corryvreckan-islay-single-malt-scotch/211730,Ardbeg Corryvreckan Islay Single Malt Scotch
$76.95,http://www.lcbo.com/lcbo/product/glengoyne-12-year-old-highland-single-malt-scotch/417915,Glengoyne 12 Year Old Highland Single Malt Scotch
$112.35,http://www.lcbo.com/lcbo/product/old-pulteney-clipper-commemorative-single-malt/433904,Old Pulteney Clipper Commemorative Single Malt
$46.80,http://www.lcbo.com/lcbo/product/tomatin-legacy-highland-single-malt/395723,Tomatin Legacy Highland Single Malt
$184.95,http://www.lcbo.com/lcbo/product/laphroaig-15-year-old/434126,Laphroaig 15 Year Old
$169.95,http://www.lcbo.com/lcbo/product/glengoyne-18-year-old-highland-single-malt-scotch/426130,Glengoyne 18 Year Old Highland Single Malt Scotch
$249.95,http://www.lcbo.com/lcbo/product/glengoyne-21-year-old-highland-single-malt-scotch/442699,Glengoyne 21 Year Old Highland Single Malt Scotch
$189.95,http://www.lcbo.com/lcbo/product/deanston-bourbon-finish-18yo-scotch-malt/430421,Deanston Bourbon Finish 18YO Scotch Malt
$86.15,http://www.lcbo.com/lcbo/product/tomatin-cu-bocan-highland-single-malt-whisky/421719,Tomatin Cu Bocan Highland Single Malt Whisky
$104.45,http://www.lcbo.com/lcbo/product/glenrothes-sherry-cask-reserve/426205,Glenrothes Sherry Cask Reserve
$142.60,http://www.lcbo.com/lcbo/product/tomatin-18-year-old-highland-single-malt/435859,Tomatin 18 Year Old Highland Single Malt
$96.15,http://www.lcbo.com/lcbo/product/tomatin-15-year-old-highland-single-malt/421727,Tomatin 15 Year Old Highland Single Malt
$83.05,http://www.lcbo.com/lcbo/product/caol-ila-12-years-old-islay-single-malt-scotch-whisky/602029,Caol Ila 12 Years Old Islay Single Malt Scotch Whisky
$89.95,http://www.lcbo.com/lcbo/product/bowmore-tempest-vi/433771,Bowmore Tempest VI
$92.95,http://www.lcbo.com/lcbo/product/the-arran-malt-amarone-cask-finish-isle-of-arran-single-malt/50070,The Arran Malt Amarone Cask Finish Isle of Arran Single Malt
$169.95,http://www.lcbo.com/lcbo/product/tobermory-15-year-old-single-malt-scotch/242313,Tobermory 15-Year-Old Single Malt Scotch
$155.20,http://www.lcbo.com/lcbo/product/balvenie-12-year-old-single-barrel/361055,Balvenie 12 Year Old Single Barrel
$90.75,http://www.lcbo.com/lcbo/product/glengoyne-15-year-old-highland-single-malt/367474,Glengoyne 15 Year Old Highland Single Malt
$109.00,http://www.lcbo.com/lcbo/product/port-charlotte-scottish-barley-heavily-peated-islay-single-malt-scotch-whisky/368183,Port Charlotte Scottish Barley Heavily Peated Islay Single Malt Scotch Whisky
"$2,200.00",http://www.lcbo.com/lcbo/product/brora-35-year-old-single-malt/409607,Brora 35-Year-Old Single Malt
"$4,000.00",http://www.lcbo.com/lcbo/product/port-ellen-35-year-old-islay-single-malt/409599,Port Ellen 35-Year-Old Islay Single Malt
$177.95,http://www.lcbo.com/lcbo/product/glendronach-18yo-tawny-port-finish-single-malt/417907,Glendronach 18YO Tawny Port Finish Single Malt
$99.95,http://www.lcbo.com/lcbo/product/glenfiddich-1963-original-single-malt/420570,Glenfiddich 1963 Original Single Malt
